,pdbname,model,chain,resseq,resname,aapdb,hsebup,hsebdn,hseb,aadssp,ss,rasa,aa,A,B,C,D,E,F,G,H,I,K,L,M,N,P,Q,R,S,T,U,V,W,X,Y,Z,*,-,_,entropy,site
0,1m4c,0,A,,,,,,,,,,A,0.94,0.0,0.0,0.0,0.0,0.0,0.0,0.0,0.0,0.0,0.0,0.0,0.0,0.0,0.0,0.0,0.0,0.0,0.0,0.0,0.0,0.0,0.0,0.0,0.0,0.0,0.06,0.32744491915447627,A1
1,1m4c,0,A,,,,,,,,,,P,0.0,0.0,0.0,0.0,0.0,0.0,0.0,0.0,0.0,0.0,0.01,0.0,0.0,0.98,0.0,0.0,0.0,0.0,0.0,0.0,0.0,0.0,0.0,0.0,0.0,0.0,0.01,0.16144054254182066,P2
2,1m4c,0,A,,,,,,,,,,T,0.08,0.0,0.0,0.0,0.0,0.0,0.0,0.0,0.01,0.0,0.0,0.0,0.0,0.0,0.0,0.0,0.0,0.9,0.0,0.0,0.0,0.0,0.0,0.0,0.0,0.0,0.01,0.5611884030780173,T3
3,1m4c,0,A,,,,,,,,,,S,0.0,0.0,0.0,0.0,0.0,0.0,0.0,0.0,0.0,0.0,0.05,0.0,0.0,0.01,0.0,0.0,0.93,0.01,0.0,0.0,0.0,0.0,0.0,0.0,0.0,0.0,0.0,0.4463420906998874,S4
4,1m4c,0,A,,,,,,,,,,S,0.01,0.0,0.0,0.0,0.0,0.0,0.06,0.0,0.0,0.0,0.0,0.0,0.0,0.0,0.0,0.02,0.9,0.01,0.0,0.0,0.0,0.0,0.0,0.0,0.0,0.0,0.0,0.6260906530347481,S5
5,1m4c,0,A,6.0,SER,S,1.0,7.0,8.0,S,-,1.0,S,0.01,0.0,0.0,0.0,0.0,0.0,0.0,0.0,0.0,0.0,0.0,0.0,0.0,0.02,0.0,0.0,0.97,0.0,0.0,0.0,0.0,0.0,0.0,0.0,0.0,0.0,0.0,0.22194073285321086,S6
6,1m4c,0,A,7.0,THR,T,3.0,9.0,12.0,T,H,0.823943661971831,T,0.05,0.0,0.0,0.0,0.0,0.0,0.0,0.0,0.0,0.01,0.0,0.01,0.0,0.0,0.0,0.02,0.0,0.91,0.0,0.0,0.0,0.0,0.0,0.0,0.0,0.0,0.0,0.585666662449543,T7
7,1m4c,0,A,8.0,LYS,K,0.0,10.0,10.0,K,H,0.8439024390243902,K,0.0,0.0,0.0,0.0,0.12,0.0,0.0,0.0,0.0,0.85,0.0,0.0,0.0,0.0,0.0,0.01,0.0,0.0,0.0,0.02,0.0,0.0,0.0,0.0,0.0,0.0,0.0,0.7456783939711394,K8
8,1m4c,0,A,9.0,LYS,K,4.0,10.0,14.0,K,H,0.6195121951219512,K,0.01,0.0,0.0,0.07,0.32,0.0,0.0,0.0,0.0,0.53,0.0,0.0,0.07,0.0,0.0,0.0,0.0,0.0,0.0,0.0,0.0,0.0,0.0,0.0,0.0,0.0,0.0,1.6150286597681647,K9
9,1m4c,0,A,10.0,THR,T,10.0,12.0,22.0,T,H,0.2746478873239437,T,0.01,0.0,0.0,0.0,0.0,0.0,0.0,0.0,0.01,0.0,0.0,0.02,0.0,0.0,0.0,0.0,0.0,0.96,0.0,0.0,0.0,0.0,0.0,0.0,0.0,0.0,0.0,0.3022921890824148,T10
10,1m4c,0,A,11.0,GLN,Q,6.0,16.0,22.0,Q,H,0.41919191919191917,Q,0.0,0.0,0.0,0.0,0.04,0.0,0.0,0.01,0.0,0.14,0.0,0.0,0.0,0.0,0.73,0.08,0.0,0.0,0.0,0.0,0.0,0.0,0.0,0.0,0.0,0.0,0.0,1.2722545727042476,Q11
11,1m4c,0,A,12.0,LEU,L,4.0,15.0,19.0,L,H,0.573170731707317,L,0.0,0.0,0.0,0.0,0.05,0.0,0.01,0.0,0.0,0.09,0.53,0.0,0.0,0.0,0.32,0.0,0.0,0.0,0.0,0.0,0.0,0.0,0.0,0.0,0.0,0.0,0.0,1.606668693982053,L12
12,1m4c,0,A,13.0,GLN,Q,16.0,12.0,28.0,Q,H,0.1111111111111111,Q,0.0,0.0,0.0,0.0,0.0,0.0,0.0,0.05,0.0,0.0,0.0,0.0,0.0,0.02,0.91,0.01,0.0,0.0,0.0,0.0,0.0,0.01,0.0,0.0,0.0,0.0,0.0,0.585666662449543,Q13
13,1m4c,0,A,14.0,LEU,L,19.0,17.0,36.0,L,H,0.024390243902439025,L,0.0,0.0,0.0,0.0,0.0,0.0,0.0,0.0,0.0,0.0,0.87,0.04,0.0,0.0,0.0,0.0,0.0,0.0,0.0,0.09,0.0,0.0,0.0,0.0,0.0,0.0,0.0,0.673202098256523,L14
14,1m4c,0,A,15.0,GLU,E,7.0,20.0,27.0,E,H,0.4020618556701031,E,0.0,0.0,0.0,0.0,0.92,0.0,0.0,0.0,0.0,0.03,0.0,0.0,0.0,0.0,0.05,0.0,0.0,0.0,0.0,0.0,0.0,0.0,0.0,0.0,0.0,0.0,0.0,0.47853391043627,E15
15,1m4c,0,A,16.0,HIS,H,13.0,13.0,26.0,H,H,0.5,H,0.0,0.0,0.0,0.0,0.0,0.0,0.0,0.58,0.0,0.0,0.0,0.0,0.0,0.05,0.29,0.01,0.07,0.0,0.0,0.0,0.0,0.0,0.0,0.0,0.0,0.0,0.0,1.5248014747253364,H16
16,1m4c,0,A,17.0,LEU,L,23.0,14.0,37.0,L,H,0.0,L,0.0,0.0,0.0,0.0,0.0,0.0,0.0,0.0,0.0,0.0,0.99,0.0,0.0,0.0,0.0,0.0,0.0,0.0,0.0,0.01,0.0,0.0,0.0,0.0,0.0,0.0,0.0,0.08079313589591118,L17
17,1m4c,0,A,18.0,LEU,L,12.0,18.0,30.0,L,H,0.15853658536585366,L,0.0,0.0,0.0,0.0,0.0,0.0,0.0,0.0,0.0,0.0,1.0,0.0,0.0,0.0,0.0,0.0,0.0,0.0,0.0,0.0,0.0,0.0,0.0,0.0,0.0,0.0,0.0,0.0,L18
18,1m4c,0,A,19.0,LEU,L,8.0,17.0,25.0,L,H,0.5121951219512195,L,0.0,0.0,0.0,0.0,0.0,0.0,0.01,0.0,0.0,0.02,0.89,0.04,0.0,0.0,0.04,0.0,0.0,0.0,0.0,0.0,0.0,0.0,0.0,0.0,0.0,0.0,0.0,0.7004534362146306,L19
19,1m4c,0,A,20.0,ASP,D,17.0,11.0,28.0,D,H,0.1165644171779141,D,0.0,0.0,0.0,1.0,0.0,0.0,0.0,0.0,0.0,0.0,0.0,0.0,0.0,0.0,0.0,0.0,0.0,0.0,0.0,0.0,0.0,0.0,0.0,0.0,0.0,0.0,0.0,0.0,D20
20,1m4c,0,A,21.0,LEU,L,23.0,15.0,38.0,L,H,0.0,L,0.0,0.0,0.0,0.0,0.0,0.0,0.0,0.0,0.0,0.0,1.0,0.0,0.0,0.0,0.0,0.0,0.0,0.0,0.0,0.0,0.0,0.0,0.0,0.0,0.0,0.0,0.0,0.0,L21
21,1m4c,0,A,22.0,GLN,Q,9.0,18.0,27.0,Q,H,0.31313131313131315,Q,0.0,0.0,0.0,0.01,0.03,0.0,0.0,0.04,0.0,0.0,0.0,0.0,0.0,0.0,0.82,0.1,0.0,0.0,0.0,0.0,0.0,0.0,0.0,0.0,0.0,0.0,0.0,0.9709218614775251,Q22
22,1m4c,0,A,23.0,MET,M,8.0,13.0,21.0,M,H,0.5638297872340425,M,0.0,0.0,0.0,0.0,0.01,0.05,0.0,0.0,0.0,0.02,0.19,0.64,0.0,0.0,0.0,0.02,0.0,0.0,0.0,0.07,0.0,0.0,0.0,0.0,0.0,0.0,0.0,1.644138712932043,M23
23,1m4c,0,A,24.0,ILE,I,21.0,10.0,31.0,I,H,0.047337278106508875,I,0.01,0.0,0.0,0.0,0.0,0.0,0.0,0.0,0.51,0.0,0.45,0.0,0.0,0.0,0.0,0.0,0.0,0.01,0.0,0.02,0.0,0.0,0.0,0.0,0.0,0.0,0.0,1.2595853720209083,I24
24,1m4c,0,A,25.0,LEU,L,15.0,12.0,27.0,L,H,0.09146341463414634,L,0.0,0.0,0.0,0.0,0.0,0.0,0.0,0.0,0.0,0.0,0.94,0.0,0.0,0.0,0.0,0.0,0.06,0.0,0.0,0.0,0.0,0.0,0.0,0.0,0.0,0.0,0.0,0.32744491915447627,L25
25,1m4c,0,A,26.0,ASN,N,5.0,12.0,17.0,N,H,0.6624203821656051,N,0.0,0.0,0.0,0.0,0.03,0.0,0.0,0.0,0.0,0.16,0.0,0.0,0.72,0.0,0.0,0.08,0.0,0.0,0.0,0.0,0.0,0.01,0.0,0.0,0.0,0.0,0.0,1.273961313714625,N26
26,1m4c,0,A,27.0,GLY,G,8.0,10.0,18.0,G,H,0.4523809523809524,G,0.01,0.0,0.0,0.0,0.12,0.0,0.8,0.0,0.0,0.0,0.0,0.01,0.0,0.0,0.0,0.03,0.0,0.03,0.0,0.0,0.0,0.0,0.0,0.0,0.0,0.0,0.0,1.0610204637350267,G27
27,1m4c,0,A,28.0,ILE,I,17.0,9.0,26.0,I,H,0.005917159763313609,I,0.0,0.0,0.0,0.0,0.0,0.01,0.0,0.0,0.64,0.0,0.0,0.0,0.0,0.0,0.0,0.0,0.0,0.01,0.0,0.34,0.0,0.0,0.0,0.0,0.0,0.0,0.0,1.0741188237496093,I28
28,1m4c,0,A,29.0,ASN,N,8.0,13.0,21.0,N,H,0.5477707006369427,N,0.0,0.0,0.0,0.01,0.0,0.0,0.0,0.0,0.0,0.01,0.0,0.0,0.91,0.0,0.0,0.0,0.05,0.02,0.0,0.0,0.0,0.0,0.0,0.0,0.0,0.0,0.0,0.585666662449543,N29
29,1m4c,0,A,30.0,ASN,N,5.0,9.0,14.0,N,H,0.8789808917197452,N,0.0,0.0,0.0,0.0,0.0,0.0,0.0,0.0,0.0,0.0,0.0,0.0,0.99,0.0,0.0,0.0,0.01,0.0,0.0,0.0,0.0,0.0,0.0,0.0,0.0,0.0,0.0,0.08079313589591118,N30
30,1m4c,0,A,31.0,TYR,Y,15.0,3.0,18.0,Y,S,0.32432432432432434,Y,0.0,0.0,0.01,0.02,0.0,0.0,0.0,0.03,0.0,0.0,0.0,0.0,0.01,0.05,0.05,0.0,0.01,0.0,0.0,0.0,0.0,0.0,0.82,0.0,0.0,0.0,0.0,1.1309218614775254,Y31
31,1m4c,0,A,32.0,LYS,K,1.0,12.0,13.0,K,-,0.8,K,0.0,0.0,0.0,0.01,0.29,0.0,0.0,0.0,0.0,0.7,0.0,0.0,0.0,0.0,0.0,0.0,0.0,0.0,0.0,0.0,0.0,0.0,0.0,0.0,0.0,0.0,0.0,0.9445435893262523,K32
32,1m4c,0,A,33.0,ASN,N,0.0,12.0,12.0,N,H,0.7643312101910829,N,0.0,0.0,0.0,0.01,0.0,0.0,0.0,0.0,0.0,0.0,0.0,0.0,0.97,0.0,0.0,0.0,0.0,0.02,0.0,0.0,0.0,0.0,0.0,0.0,0.0,0.0,0.0,0.2219407328532109,N33
33,1m4c,0,A,34.0,PRO,P,1.0,12.0,13.0,P,H,0.5735294117647058,P,0.0,0.0,0.0,0.0,0.0,0.0,0.0,0.02,0.0,0.0,0.15,0.0,0.0,0.75,0.0,0.0,0.07,0.01,0.0,0.0,0.0,0.0,0.0,0.0,0.0,0.0,0.0,1.1696937380175039,P34
34,1m4c,0,A,35.0,LYS,K,9.0,8.0,17.0,K,H,0.5073170731707317,K,0.0,0.0,0.0,0.0,0.03,0.0,0.0,0.0,0.0,0.89,0.0,0.0,0.0,0.0,0.03,0.0,0.0,0.05,0.0,0.0,0.0,0.0,0.0,0.0,0.0,0.0,0.0,0.6692592814269932,K35
35,1m4c,0,A,36.0,LEU,L,9.0,14.0,23.0,L,H,0.14634146341463414,L,0.0,0.0,0.0,0.0,0.0,0.0,0.0,0.0,0.0,0.0,0.99,0.0,0.0,0.0,0.0,0.01,0.0,0.0,0.0,0.0,0.0,0.0,0.0,0.0,0.0,0.0,0.0,0.08079313589591118,L36
36,1m4c,0,A,37.0,THR,T,3.0,14.0,17.0,T,H,0.647887323943662,T,0.0,0.0,0.0,0.0,0.0,0.07,0.0,0.0,0.0,0.0,0.0,0.0,0.0,0.06,0.0,0.0,0.3,0.57,0.0,0.0,0.0,0.0,0.0,0.0,0.0,0.0,0.0,1.4954291084309648,T37
37,1m4c,0,A,38.0,ARG,R,8.0,11.0,19.0,R,H,0.6491935483870968,R,0.0,0.0,0.0,0.0,0.0,0.0,0.0,0.0,0.0,0.0,0.0,0.06,0.0,0.0,0.0,0.91,0.02,0.01,0.0,0.0,0.0,0.0,0.0,0.0,0.0,0.0,0.0,0.5466653171506417,R38
38,1m4c,0,A,39.0,MET,M,17.0,9.0,26.0,M,H,0.05851063829787234,M,0.0,0.0,0.0,0.0,0.0,0.0,0.0,0.0,0.03,0.0,0.0,0.97,0.0,0.0,0.0,0.0,0.0,0.0,0.0,0.0,0.0,0.0,0.0,0.0,0.0,0.0,0.0,0.1943918578315762,M39
39,1m4c,0,A,40.0,LEU,L,10.0,14.0,24.0,L,T,0.36585365853658536,L,0.0,0.0,0.01,0.0,0.0,0.0,0.0,0.0,0.0,0.0,0.99,0.0,0.0,0.0,0.0,0.0,0.0,0.0,0.0,0.0,0.0,0.0,0.0,0.0,0.0,0.0,0.0,0.08079313589591118,L40
40,1m4c,0,A,41.0,THR,T,4.0,13.0,17.0,T,T,0.6549295774647887,T,0.0,0.0,0.0,0.0,0.0,0.0,0.0,0.0,0.0,0.06,0.0,0.0,0.0,0.0,0.0,0.02,0.0,0.92,0.0,0.0,0.0,0.0,0.0,0.0,0.0,0.0,0.0,0.4670814401590034,T41
41,1m4c,0,A,42.0,PHE,F,13.0,9.0,22.0,F,S,0.47715736040609136,F,0.02,0.0,0.0,0.0,0.0,0.97,0.0,0.0,0.0,0.0,0.01,0.0,0.0,0.0,0.0,0.0,0.0,0.0,0.0,0.0,0.0,0.0,0.0,0.0,0.0,0.0,0.0,0.2219407328532109,F42
42,1m4c,0,A,43.0,LYS,K,6.0,16.0,22.0,K,-,0.47317073170731705,K,0.0,0.0,0.01,0.0,0.0,0.0,0.0,0.0,0.0,0.98,0.0,0.0,0.0,0.0,0.0,0.0,0.0,0.01,0.0,0.0,0.0,0.0,0.0,0.0,0.0,0.0,0.0,0.16144054254182066,K43
43,1m4c,0,A,44.0,PHE,F,23.0,9.0,32.0,F,B,0.025380710659898477,F,0.0,0.0,0.0,0.0,0.0,0.98,0.0,0.0,0.0,0.0,0.02,0.0,0.0,0.0,0.0,0.0,0.0,0.0,0.0,0.0,0.0,0.0,0.0,0.0,0.0,0.0,0.0,0.14144054254182067,F44
44,1m4c,0,A,45.0,TYR,Y,13.0,17.0,30.0,Y,-,0.536036036036036,Y,0.01,0.0,0.0,0.0,0.0,0.01,0.0,0.0,0.0,0.0,0.0,0.0,0.01,0.0,0.0,0.0,0.0,0.0,0.0,0.0,0.0,0.0,0.97,0.0,0.0,0.0,0.0,0.24194073285321088,Y45
45,1m4c,0,A,46.0,MET,M,17.0,15.0,32.0,M,-,0.14893617021276595,M,0.0,0.0,0.0,0.0,0.0,0.0,0.0,0.0,0.01,0.0,0.03,0.78,0.0,0.0,0.0,0.0,0.0,0.08,0.0,0.1,0.0,0.0,0.0,0.0,0.0,0.0,0.0,1.1215007745518,M46
46,1m4c,0,A,47.0,PRO,P,20.0,11.0,31.0,P,B,0.04411764705882353,P,0.0,0.0,0.0,0.0,0.0,0.0,0.0,0.0,0.0,0.0,0.0,0.0,0.0,1.0,0.0,0.0,0.0,0.0,0.0,0.0,0.0,0.0,0.0,0.0,0.0,0.0,0.0,0.0,P47
47,1m4c,0,A,48.0,LYS,K,6.0,12.0,18.0,K,S,0.7024390243902439,K,0.0,0.0,0.0,0.0,0.0,0.0,0.0,0.0,0.0,0.93,0.0,0.03,0.02,0.0,0.0,0.02,0.0,0.0,0.0,0.0,0.0,0.0,0.0,0.0,0.0,0.0,0.0,0.47488962042262073,K48
48,1m4c,0,A,49.0,LYS,K,7.0,19.0,26.0,K,-,0.5073170731707317,K,0.0,0.0,0.0,0.0,0.0,0.0,0.0,0.0,0.0,0.97,0.0,0.0,0.0,0.0,0.01,0.0,0.0,0.0,0.0,0.0,0.0,0.0,0.0,0.0,0.0,0.02,0.0,0.22194073285321086,K49
49,1m4c,0,A,50.0,ALA,A,21.0,10.0,31.0,A,-,0.03773584905660377,A,0.96,0.0,0.0,0.0,0.0,0.0,0.0,0.0,0.0,0.0,0.0,0.0,0.0,0.0,0.0,0.0,0.0,0.0,0.0,0.04,0.0,0.0,0.0,0.0,0.0,0.0,0.0,0.24229218908241482,A50
50,1m4c,0,A,51.0,THR,T,11.0,21.0,32.0,T,-,0.04929577464788732,T,0.0,0.0,0.0,0.0,0.0,0.0,0.0,0.0,0.0,0.01,0.0,0.0,0.0,0.0,0.0,0.0,0.03,0.96,0.0,0.0,0.0,0.0,0.0,0.0,0.0,0.0,0.0,0.2747433140607801,T51
51,1m4c,0,A,52.0,GLU,E,7.0,17.0,24.0,E,S,0.30927835051546393,E,0.0,0.0,0.0,0.06,0.94,0.0,0.0,0.0,0.0,0.0,0.0,0.0,0.0,0.0,0.0,0.0,0.0,0.0,0.0,0.0,0.0,0.0,0.0,0.0,0.0,0.0,0.0,0.32744491915447627,E52
52,1m4c,0,A,53.0,LEU,L,14.0,18.0,32.0,L,G,0.3231707317073171,L,0.0,0.0,0.0,0.0,0.0,0.03,0.0,0.0,0.0,0.0,0.97,0.0,0.0,0.0,0.0,0.0,0.0,0.0,0.0,0.0,0.0,0.0,0.0,0.0,0.0,0.0,0.0,0.1943918578315762,L53
53,1m4c,0,A,54.0,LYS,K,4.0,20.0,24.0,K,G,0.5365853658536586,K,0.0,0.0,0.0,0.0,0.05,0.0,0.0,0.0,0.0,0.8,0.0,0.0,0.02,0.0,0.0,0.01,0.0,0.12,0.0,0.0,0.0,0.0,0.0,0.0,0.0,0.0,0.0,1.0200218090339277,K54
54,1m4c,0,A,55.0,HIS,H,14.0,16.0,30.0,H,G,0.021739130434782608,H,0.0,0.0,0.0,0.01,0.0,0.0,0.0,0.98,0.0,0.0,0.0,0.0,0.0,0.0,0.01,0.0,0.0,0.0,0.0,0.0,0.0,0.0,0.0,0.0,0.0,0.0,0.0,0.16144054254182066,H55
55,1m4c,0,A,56.0,LEU,L,18.0,20.0,38.0,L,G,0.0,L,0.0,0.0,0.0,0.0,0.0,0.0,0.0,0.0,0.0,0.0,1.0,0.0,0.0,0.0,0.0,0.0,0.0,0.0,0.0,0.0,0.0,0.0,0.0,0.0,0.0,0.0,0.0,0.0,L56
56,1m4c,0,A,57.0,GLN,Q,10.0,23.0,33.0,Q,H,0.2222222222222222,Q,0.0,0.0,0.0,0.0,0.0,0.0,0.0,0.0,0.0,0.0,0.0,0.0,0.0,0.0,1.0,0.0,0.0,0.0,0.0,0.0,0.0,0.0,0.0,0.0,0.0,0.0,0.0,0.0,Q57
57,1m4c,0,A,58.0,CYS,C,20.0,13.0,33.0,C,H,0.022222222222222223,C,0.0,0.0,1.0,0.0,0.0,0.0,0.0,0.0,0.0,0.0,0.0,0.0,0.0,0.0,0.0,0.0,0.0,0.0,0.0,0.0,0.0,0.0,0.0,0.0,0.0,0.0,0.0,0.0,C58
58,1m4c,0,A,59.0,LEU,L,21.0,18.0,39.0,L,H,0.0,L,0.0,0.0,0.0,0.0,0.0,0.01,0.0,0.0,0.0,0.0,0.99,0.0,0.0,0.0,0.0,0.0,0.0,0.0,0.0,0.0,0.0,0.0,0.0,0.0,0.0,0.0,0.0,0.08079313589591118,L59
59,1m4c,0,A,60.0,GLU,E,15.0,17.0,32.0,E,H,0.28350515463917525,E,0.11,0.0,0.0,0.0,0.7,0.0,0.0,0.0,0.0,0.0,0.0,0.05,0.0,0.0,0.01,0.0,0.0,0.0,0.0,0.13,0.0,0.0,0.0,0.0,0.0,0.0,0.0,1.3756670317604356,E60
60,1m4c,0,A,61.0,GLU,E,12.0,12.0,24.0,E,T,0.4072164948453608,E,0.0,0.0,0.0,0.03,0.94,0.0,0.02,0.0,0.0,0.0,0.0,0.0,0.0,0.0,0.0,0.0,0.0,0.0,0.0,0.01,0.0,0.0,0.0,0.0,0.0,0.0,0.0,0.41499379417611093,E61
61,1m4c,0,A,62.0,GLU,E,17.0,12.0,29.0,E,T,0.0979381443298969,E,0.0,0.0,0.0,0.0,1.0,0.0,0.0,0.0,0.0,0.0,0.0,0.0,0.0,0.0,0.0,0.0,0.0,0.0,0.0,0.0,0.0,0.0,0.0,0.0,0.0,0.0,0.0,0.0,E62
62,1m4c,0,A,63.0,LEU,L,17.0,15.0,32.0,L,H,0.024390243902439025,L,0.0,0.0,0.0,0.0,0.0,0.0,0.0,0.0,0.0,0.0,1.0,0.0,0.0,0.0,0.0,0.0,0.0,0.0,0.0,0.0,0.0,0.0,0.0,0.0,0.0,0.0,0.0,0.0,L63
63,1m4c,0,A,64.0,LYS,K,2.0,17.0,19.0,K,H,0.7902439024390244,K,0.0,0.0,0.0,0.0,0.01,0.0,0.06,0.0,0.0,0.9,0.0,0.0,0.0,0.0,0.01,0.01,0.0,0.01,0.0,0.0,0.0,0.0,0.0,0.0,0.0,0.0,0.0,0.6460906530347479,K64
64,1m4c,0,A,65.0,PRO,P,11.0,9.0,20.0,P,H,0.35294117647058826,P,0.07,0.0,0.0,0.0,0.0,0.0,0.0,0.0,0.0,0.0,0.0,0.0,0.03,0.9,0.0,0.0,0.0,0.0,0.0,0.0,0.0,0.0,0.0,0.0,0.0,0.0,0.0,0.5571246835123504,P65
65,1m4c,0,A,66.0,LEU,L,21.0,12.0,33.0,L,H,0.0,L,0.0,0.0,0.0,0.0,0.0,0.0,0.0,0.0,0.0,0.0,0.99,0.0,0.0,0.0,0.0,0.0,0.0,0.0,0.0,0.01,0.0,0.0,0.0,0.0,0.0,0.0,0.0,0.08079313589591118,L66
66,1m4c,0,A,67.0,GLU,E,13.0,11.0,24.0,E,H,0.23711340206185566,E,0.0,0.0,0.0,0.0,0.88,0.0,0.0,0.0,0.0,0.01,0.0,0.0,0.0,0.0,0.1,0.01,0.0,0.0,0.0,0.0,0.0,0.0,0.0,0.0,0.0,0.0,0.0,0.6273635558851669,E67
67,1m4c,0,A,68.0,GLU,E,6.0,11.0,17.0,E,H,0.5515463917525774,E,0.0,0.0,0.0,0.09,0.79,0.0,0.02,0.01,0.0,0.04,0.0,0.0,0.01,0.0,0.0,0.02,0.02,0.0,0.0,0.0,0.0,0.0,0.0,0.0,0.0,0.0,0.0,1.2385761485850053,E68
68,1m4c,0,A,69.0,VAL,V,17.0,9.0,26.0,V,H,0.056338028169014086,V,0.01,0.0,0.0,0.0,0.0,0.0,0.0,0.0,0.0,0.0,0.0,0.0,0.0,0.0,0.0,0.0,0.0,0.0,0.0,0.99,0.0,0.0,0.0,0.0,0.0,0.0,0.0,0.08079313589591118,V69
69,1m4c,0,A,70.0,LEU,L,14.0,12.0,26.0,L,H,0.21951219512195122,L,0.0,0.0,0.0,0.0,0.0,0.0,0.0,0.0,0.0,0.0,1.0,0.0,0.0,0.0,0.0,0.0,0.0,0.0,0.0,0.0,0.0,0.0,0.0,0.0,0.0,0.0,0.0,0.0,L70
70,1m4c,0,A,71.0,ASN,N,9.0,7.0,16.0,N,H,0.535031847133758,N,0.0,0.0,0.0,0.06,0.0,0.0,0.03,0.01,0.0,0.01,0.0,0.0,0.78,0.0,0.0,0.0,0.01,0.02,0.0,0.0,0.0,0.0,0.08,0.0,0.0,0.0,0.0,1.278595833997267,N71
71,1m4c,0,A,72.0,LEU,L,9.0,4.0,13.0,L,T,0.725609756097561,L,0.0,0.0,0.0,0.0,0.0,0.0,0.01,0.0,0.04,0.0,0.82,0.0,0.0,0.0,0.0,0.0,0.0,0.0,0.0,0.13,0.0,0.0,0.0,0.0,0.0,0.0,0.0,0.8696063826295541,L72
72,1m4c,0,A,73.0,ALA,A,17.0,2.0,19.0,A,-,0.4528301886792453,A,0.9,0.0,0.0,0.0,0.0,0.0,0.01,0.0,0.0,0.0,0.0,0.0,0.0,0.08,0.0,0.0,0.0,0.01,0.0,0.0,0.0,0.0,0.0,0.0,0.0,0.0,0.0,0.5611884030780174,A73
73,1m4c,0,A,,,,,,,,,,Q,0.0,0.0,0.0,0.0,0.02,0.0,0.0,0.01,0.0,0.0,0.0,0.0,0.0,0.0,0.97,0.0,0.0,0.0,0.0,0.0,0.0,0.0,0.0,0.0,0.0,0.0,0.0,0.22194073285321086,Q74
74,1m4c,0,A,,,,,,,,,,S,0.0,0.0,0.0,0.0,0.0,0.0,0.0,0.0,0.0,0.0,0.0,0.0,0.02,0.0,0.0,0.0,0.98,0.0,0.0,0.0,0.0,0.0,0.0,0.0,0.0,0.0,0.0,0.14144054254182067,S75
75,1m4c,0,A,,,,,,,,,,K,0.0,0.0,0.0,0.0,0.0,0.0,0.0,0.0,0.0,0.99,0.0,0.0,0.01,0.0,0.0,0.0,0.0,0.0,0.0,0.0,0.0,0.0,0.0,0.0,0.0,0.0,0.0,0.08079313589591118,K76
76,1m4c,0,A,,,,,,,,,,N,0.0,0.0,0.0,0.0,0.01,0.0,0.0,0.0,0.0,0.0,0.0,0.01,0.82,0.0,0.0,0.0,0.08,0.07,0.0,0.0,0.0,0.0,0.0,0.0,0.0,0.01,0.0,0.9941487014438637,N77
77,1m4c,0,A,,,,,,,,,,F,0.0,0.0,0.0,0.0,0.0,0.8,0.0,0.0,0.0,0.0,0.0,0.0,0.0,0.0,0.07,0.0,0.07,0.0,0.0,0.04,0.0,0.0,0.0,0.0,0.0,0.02,0.0,1.0932840247767701,F78
78,1m4c,0,A,,,,,,,,,,H,0.0,0.0,0.0,0.01,0.0,0.0,0.0,0.85,0.0,0.0,0.0,0.0,0.07,0.0,0.02,0.03,0.0,0.0,0.0,0.0,0.0,0.0,0.0,0.0,0.0,0.02,0.0,0.9118101744920112,H79
79,1m4c,0,A,,,,,,,,,,L,0.0,0.0,0.0,0.0,0.0,0.01,0.0,0.0,0.06,0.0,0.89,0.0,0.0,0.0,0.0,0.0,0.02,0.0,0.0,0.0,0.01,0.0,0.0,0.0,0.0,0.01,0.0,0.7053556861713612,L80
80,1m4c,0,A,,,,,,,,,,R,0.0,0.0,0.0,0.1,0.05,0.0,0.01,0.0,0.0,0.11,0.0,0.0,0.09,0.0,0.0,0.57,0.0,0.07,0.0,0.0,0.0,0.0,0.0,0.0,0.0,0.0,0.0,2.0084740947437747,R81
81,1m4c,0,A,,,,,,,,,,P,0.05,0.0,0.0,0.29,0.0,0.0,0.01,0.07,0.11,0.01,0.0,0.0,0.02,0.41,0.0,0.0,0.01,0.02,0.0,0.0,0.0,0.0,0.0,0.0,0.0,0.0,0.0,2.3052966519558113,P82
82,1m4c,0,A,83.0,ARG,R,0.0,16.0,16.0,R,-,0.8346774193548387,R,0.0,0.0,0.0,0.0,0.05,0.0,0.0,0.0,0.0,0.33,0.0,0.0,0.0,0.0,0.0,0.61,0.01,0.0,0.0,0.0,0.0,0.0,0.0,0.0,0.0,0.0,0.0,1.2453599497287062,R83
83,1m4c,0,A,84.0,ASP,D,0.0,13.0,13.0,D,-,0.8282208588957055,D,0.0,0.0,0.0,0.67,0.2,0.0,0.0,0.0,0.0,0.0,0.0,0.0,0.11,0.0,0.02,0.0,0.0,0.0,0.0,0.0,0.0,0.0,0.0,0.0,0.0,0.0,0.0,1.314653335140442,D84
84,1m4c,0,A,85.0,LEU,L,12.0,12.0,24.0,L,H,0.4146341463414634,L,0.0,0.0,0.0,0.0,0.0,0.08,0.0,0.0,0.05,0.0,0.74,0.0,0.0,0.0,0.0,0.0,0.1,0.01,0.0,0.02,0.0,0.0,0.0,0.0,0.0,0.0,0.0,1.3405714849761976,L85
85,1m4c,0,A,86.0,ILE,I,13.0,14.0,27.0,I,H,0.029585798816568046,I,0.0,0.0,0.0,0.0,0.0,0.0,0.0,0.0,0.76,0.0,0.0,0.21,0.0,0.0,0.0,0.0,0.0,0.0,0.0,0.03,0.0,0.0,0.0,0.0,0.0,0.0,0.0,0.9254957457524253,I86
86,1m4c,0,A,87.0,SER,S,2.0,17.0,19.0,S,H,0.49230769230769234,S,0.0,0.0,0.0,0.07,0.0,0.0,0.02,0.0,0.0,0.0,0.0,0.0,0.05,0.0,0.0,0.0,0.86,0.0,0.0,0.0,0.0,0.0,0.0,0.0,0.0,0.0,0.0,0.7846572514425201,S87
87,1m4c,0,A,88.0,ASN,N,10.0,13.0,23.0,N,H,0.5668789808917197,N,0.0,0.0,0.0,0.0,0.0,0.0,0.0,0.0,0.0,0.0,0.0,0.0,1.0,0.0,0.0,0.0,0.0,0.0,0.0,0.0,0.0,0.0,0.0,0.0,0.0,0.0,0.0,0.0,N88
88,1m4c,0,A,89.0,ILE,I,22.0,14.0,36.0,I,H,0.0,I,0.0,0.0,0.0,0.0,0.0,0.0,0.0,0.0,0.96,0.0,0.0,0.04,0.0,0.0,0.0,0.0,0.0,0.0,0.0,0.0,0.0,0.0,0.0,0.0,0.0,0.0,0.0,0.24229218908241482,I89
89,1m4c,0,A,90.0,ASN,N,11.0,20.0,31.0,N,H,0.3821656050955414,N,0.0,0.0,0.0,0.0,0.0,0.0,0.0,0.0,0.0,0.01,0.0,0.0,0.94,0.0,0.0,0.05,0.0,0.0,0.0,0.0,0.0,0.0,0.0,0.0,0.0,0.0,0.0,0.3664462644533776,N90
90,1m4c,0,A,91.0,VAL,V,7.0,15.0,22.0,V,H,0.44366197183098594,V,0.0,0.0,0.0,0.0,0.0,0.0,0.0,0.0,0.01,0.0,0.05,0.0,0.0,0.0,0.0,0.07,0.0,0.0,0.0,0.87,0.0,0.0,0.0,0.0,0.0,0.0,0.0,0.7258840990979307,V91
91,1m4c,0,A,92.0,ILE,I,22.0,11.0,33.0,I,H,0.08284023668639054,I,0.0,0.0,0.0,0.0,0.0,0.01,0.0,0.0,0.54,0.0,0.04,0.0,0.0,0.0,0.0,0.0,0.0,0.41,0.0,0.0,0.0,0.0,0.0,0.0,0.0,0.0,0.0,1.2596206167130373,I92
92,1m4c,0,A,93.0,VAL,V,17.0,18.0,35.0,V,H,0.0,V,0.04,0.0,0.0,0.0,0.0,0.0,0.0,0.0,0.01,0.0,0.04,0.0,0.0,0.0,0.0,0.0,0.0,0.0,0.0,0.91,0.0,0.0,0.0,0.0,0.0,0.0,0.0,0.5617630671939111,V93
93,1m4c,0,A,94.0,LEU,L,6.0,19.0,25.0,L,H,0.42073170731707316,L,0.01,0.0,0.0,0.0,0.0,0.0,0.0,0.0,0.0,0.0,0.87,0.0,0.0,0.0,0.03,0.0,0.05,0.0,0.0,0.04,0.0,0.0,0.0,0.0,0.0,0.0,0.0,0.7948500686203283,L94
94,1m4c,0,A,95.0,GLU,E,10.0,11.0,21.0,E,H,0.5773195876288659,E,0.0,0.0,0.0,0.0,0.66,0.0,0.0,0.0,0.0,0.27,0.0,0.0,0.0,0.0,0.0,0.0,0.0,0.07,0.0,0.0,0.0,0.0,0.0,0.0,0.0,0.0,0.0,1.1742216008699766,E95
95,1m4c,0,A,96.0,LEU,L,24.0,7.0,31.0,L,H,0.10975609756097561,L,0.0,0.0,0.0,0.0,0.0,0.0,0.0,0.0,0.0,0.0,1.0,0.0,0.0,0.0,0.0,0.0,0.0,0.0,0.0,0.0,0.0,0.0,0.0,0.0,0.0,0.0,0.0,0.0,L96
96,1m4c,0,A,97.0,LYS,K,15.0,7.0,22.0,K,H,0.22439024390243903,K,0.0,0.0,0.0,0.0,0.0,0.0,0.0,0.0,0.0,1.0,0.0,0.0,0.0,0.0,0.0,0.0,0.0,0.0,0.0,0.0,0.0,0.0,0.0,0.0,0.0,0.0,0.0,0.0,K97
97,1m4c,0,A,98.0,GLY,G,4.0,13.0,17.0,G,-,0.5714285714285714,G,0.0,0.0,0.0,0.0,0.01,0.0,0.99,0.0,0.0,0.0,0.0,0.0,0.0,0.0,0.0,0.0,0.0,0.0,0.0,0.0,0.0,0.0,0.0,0.0,0.0,0.0,0.0,0.08079313589591118,G98
98,1m4c,0,A,99.0,SER,S,7.0,7.0,14.0,S,-,1.0,S,0.0,0.0,0.0,0.0,0.0,0.0,0.0,0.0,0.0,0.0,0.0,0.0,0.0,0.02,0.0,0.0,0.98,0.0,0.0,0.0,0.0,0.0,0.0,0.0,0.0,0.0,0.0,0.14144054254182067,S99
99,1m4c,0,A,,,,,,,,,,E,0.05,0.0,0.0,0.0,0.95,0.0,0.0,0.0,0.0,0.0,0.0,0.0,0.0,0.0,0.0,0.0,0.0,0.0,0.0,0.0,0.0,0.0,0.0,0.0,0.0,0.0,0.0,0.28639695711595625,E100
100,1m4c,0,A,,,,,,,,,,T,0.0,0.0,0.0,0.0,0.0,0.0,0.0,0.0,0.0,0.0,0.0,0.0,0.05,0.01,0.0,0.0,0.01,0.9,0.0,0.0,0.0,0.0,0.0,0.0,0.0,0.03,0.0,0.6375431233120147,T101
101,1m4c,0,A,,,,,,,,,,T,0.0,0.0,0.01,0.0,0.0,0.0,0.06,0.0,0.0,0.02,0.0,0.0,0.0,0.01,0.0,0.14,0.06,0.69,0.0,0.01,0.0,0.0,0.0,0.0,0.0,0.0,0.0,1.5657491254231848,T102
102,1m4c,0,A,103.0,PHE,F,12.0,1.0,13.0,F,-,0.6192893401015228,F,0.0,0.0,0.0,0.0,0.0,0.82,0.0,0.0,0.0,0.0,0.06,0.01,0.0,0.0,0.0,0.0,0.03,0.0,0.0,0.0,0.0,0.0,0.05,0.0,0.0,0.03,0.0,1.0643716411569892,F103
103,1m4c,0,A,104.0,MET,M,1.0,12.0,13.0,M,-,0.7287234042553191,M,0.0,0.0,0.0,0.0,0.01,0.0,0.0,0.0,0.03,0.01,0.0,0.53,0.03,0.0,0.0,0.02,0.0,0.35,0.0,0.02,0.0,0.0,0.0,0.0,0.0,0.0,0.0,1.6777115428822214,M104
104,1m4c,0,A,105.0,CYS,C,15.0,6.0,21.0,C,-,0.0962962962962963,C,0.0,0.0,1.0,0.0,0.0,0.0,0.0,0.0,0.0,0.0,0.0,0.0,0.0,0.0,0.0,0.0,0.0,0.0,0.0,0.0,0.0,0.0,0.0,0.0,0.0,0.0,0.0,0.0,C105
105,1m4c,0,A,106.0,GLU,E,2.0,16.0,18.0,E,-,0.6391752577319587,E,0.0,0.0,0.0,0.04,0.88,0.0,0.0,0.0,0.0,0.02,0.0,0.0,0.03,0.0,0.01,0.0,0.0,0.0,0.0,0.02,0.0,0.0,0.0,0.0,0.0,0.0,0.0,0.7920074903522684,E106
106,1m4c,0,A,107.0,TYR,Y,12.0,9.0,21.0,Y,B,0.26576576576576577,Y,0.0,0.0,0.0,0.0,0.0,0.05,0.0,0.0,0.0,0.0,0.0,0.0,0.0,0.0,0.0,0.0,0.0,0.0,0.0,0.0,0.0,0.0,0.93,0.0,0.0,0.02,0.0,0.4263420906998873,Y107
107,1m4c,0,A,108.0,ALA,A,10.0,5.0,15.0,A,-,0.330188679245283,A,0.53,0.0,0.0,0.38,0.03,0.0,0.0,0.03,0.0,0.0,0.0,0.0,0.02,0.0,0.0,0.0,0.0,0.0,0.0,0.0,0.0,0.0,0.0,0.0,0.0,0.01,0.0,1.4987481437043972,A108
108,1m4c,0,A,109.0,ASP,D,0.0,12.0,12.0,D,S,0.9570552147239264,D,0.0,0.0,0.0,0.92,0.01,0.0,0.0,0.0,0.0,0.0,0.0,0.0,0.02,0.01,0.04,0.0,0.0,0.0,0.0,0.0,0.0,0.0,0.0,0.0,0.0,0.0,0.0,0.5421791902022728,D109
109,1m4c,0,A,110.0,GLU,E,4.0,10.0,14.0,E,S,0.8402061855670103,E,0.0,0.0,0.0,0.05,0.9,0.0,0.0,0.0,0.0,0.03,0.0,0.0,0.0,0.0,0.0,0.02,0.0,0.0,0.0,0.0,0.0,0.0,0.0,0.0,0.0,0.0,0.0,0.6175431233120147,E110
110,1m4c,0,A,111.0,THR,T,8.0,11.0,19.0,T,-,0.3732394366197183,T,0.01,0.0,0.0,0.0,0.01,0.0,0.0,0.0,0.0,0.0,0.0,0.0,0.0,0.01,0.0,0.01,0.02,0.92,0.0,0.02,0.0,0.0,0.0,0.0,0.0,0.0,0.0,0.6021791902022727,T111
111,1m4c,0,A,112.0,ALA,A,13.0,10.0,23.0,A,B,0.05660377358490566,A,0.8,0.0,0.0,0.0,0.01,0.0,0.0,0.0,0.0,0.0,0.0,0.0,0.0,0.0,0.0,0.0,0.01,0.01,0.0,0.17,0.0,0.0,0.0,0.0,0.0,0.0,0.0,0.891445030852277,A112
112,1m4c,0,A,113.0,THR,T,10.0,15.0,25.0,T,-,0.13380281690140844,T,0.0,0.0,0.0,0.01,0.0,0.0,0.0,0.0,0.0,0.0,0.0,0.0,0.09,0.0,0.0,0.0,0.0,0.9,0.0,0.0,0.0,0.0,0.0,0.0,0.0,0.0,0.0,0.5158951529482092,T113
113,1m4c,0,A,114.0,ILE,I,21.0,16.0,37.0,I,H,0.0,I,0.07,0.0,0.0,0.0,0.0,0.0,0.0,0.0,0.79,0.0,0.0,0.0,0.0,0.0,0.0,0.0,0.0,0.0,0.0,0.14,0.0,0.0,0.0,0.0,0.0,0.0,0.0,0.9343248650827165,I114
114,1m4c,0,A,115.0,VAL,V,10.0,20.0,30.0,V,H,0.2323943661971831,V,0.01,0.0,0.0,0.0,0.0,0.0,0.0,0.0,0.06,0.02,0.0,0.0,0.0,0.0,0.0,0.0,0.0,0.05,0.0,0.86,0.0,0.0,0.0,0.0,0.0,0.0,0.0,0.8260743459432829,V115
115,1m4c,0,A,116.0,GLU,E,11.0,13.0,24.0,E,H,0.5,E,0.0,0.0,0.0,0.0,0.99,0.0,0.01,0.0,0.0,0.0,0.0,0.0,0.0,0.0,0.0,0.0,0.0,0.0,0.0,0.0,0.0,0.0,0.0,0.0,0.0,0.0,0.0,0.08079313589591118,E116
116,1m4c,0,A,117.0,PHE,F,19.0,12.0,31.0,F,H,0.0,F,0.0,0.0,0.0,0.0,0.0,0.98,0.0,0.0,0.0,0.0,0.02,0.0,0.0,0.0,0.0,0.0,0.0,0.0,0.0,0.0,0.0,0.0,0.0,0.0,0.0,0.0,0.0,0.14144054254182067,F117
117,1m4c,0,A,118.0,LEU,L,17.0,17.0,34.0,L,H,0.0,L,0.0,0.0,0.0,0.0,0.0,0.0,0.0,0.0,0.0,0.0,1.0,0.0,0.0,0.0,0.0,0.0,0.0,0.0,0.0,0.0,0.0,0.0,0.0,0.0,0.0,0.0,0.0,0.0,L118
118,1m4c,0,A,119.0,ASN,N,6.0,18.0,24.0,N,H,0.47770700636942676,N,0.0,0.0,0.0,0.0,0.01,0.0,0.0,0.0,0.0,0.02,0.0,0.0,0.93,0.0,0.0,0.01,0.03,0.0,0.0,0.0,0.0,0.0,0.0,0.0,0.0,0.0,0.0,0.49488962042262075,N119
119,1m4c,0,A,120.0,ARG,R,17.0,16.0,33.0,R,H,0.2661290322580645,R,0.0,0.0,0.0,0.0,0.0,0.0,0.04,0.0,0.0,0.3,0.0,0.02,0.0,0.0,0.0,0.56,0.0,0.08,0.0,0.0,0.0,0.0,0.0,0.0,0.0,0.0,0.0,1.5796702547399109,R120
120,1m4c,0,A,121.0,TRP,W,26.0,15.0,41.0,W,H,0.00881057268722467,W,0.0,0.0,0.0,0.0,0.0,0.0,0.0,0.0,0.0,0.0,0.0,0.0,0.0,0.0,0.0,0.0,0.0,0.0,0.0,0.0,1.0,0.0,0.0,0.0,0.0,0.0,0.0,0.0,W121
121,1m4c,0,A,122.0,ILE,I,14.0,19.0,33.0,I,H,0.05917159763313609,I,0.0,0.0,0.0,0.0,0.0,0.0,0.0,0.0,1.0,0.0,0.0,0.0,0.0,0.0,0.0,0.0,0.0,0.0,0.0,0.0,0.0,0.0,0.0,0.0,0.0,0.0,0.0,0.0,I122
122,1m4c,0,A,123.0,THR,T,13.0,16.0,29.0,T,H,0.29577464788732394,T,0.05,0.0,0.0,0.0,0.0,0.0,0.0,0.0,0.01,0.0,0.0,0.0,0.0,0.0,0.0,0.0,0.0,0.94,0.0,0.0,0.0,0.0,0.0,0.0,0.0,0.0,0.0,0.3664462644533776,T123
123,1m4c,0,A,124.0,PHE,F,21.0,16.0,37.0,F,H,0.02030456852791878,F,0.0,0.0,0.0,0.0,0.0,0.99,0.0,0.0,0.0,0.0,0.0,0.0,0.0,0.0,0.0,0.0,0.0,0.0,0.0,0.0,0.0,0.0,0.0,0.0,0.0,0.0,0.01,0.08079313589591118,F124
124,1m4c,0,A,125.0,CYS,C,21.0,17.0,38.0,C,H,0.0,C,0.02,0.0,0.93,0.0,0.0,0.0,0.0,0.0,0.0,0.0,0.0,0.0,0.0,0.0,0.0,0.0,0.04,0.0,0.0,0.0,0.0,0.0,0.0,0.0,0.0,0.0,0.01,0.4624384954442554,C125
125,1m4c,0,A,126.0,GLN,Q,14.0,18.0,32.0,Q,H,0.47474747474747475,Q,0.0,0.0,0.0,0.0,0.0,0.0,0.0,0.0,0.0,0.0,0.0,0.0,0.0,0.0,0.99,0.0,0.0,0.0,0.0,0.0,0.0,0.0,0.0,0.0,0.0,0.0,0.01,0.08079313589591118,Q126
126,1m4c,0,A,127.0,SER,S,19.0,13.0,32.0,S,H,0.09230769230769231,S,0.0,0.0,0.0,0.0,0.0,0.0,0.01,0.0,0.0,0.0,0.0,0.0,0.0,0.0,0.0,0.0,0.97,0.01,0.0,0.0,0.0,0.0,0.0,0.0,0.0,0.0,0.01,0.24194073285321088,S127
127,1m4c,0,A,128.0,ILE,I,22.0,11.0,33.0,I,H,0.09467455621301775,I,0.02,0.0,0.0,0.0,0.0,0.0,0.0,0.0,0.93,0.0,0.01,0.0,0.0,0.0,0.0,0.0,0.01,0.01,0.0,0.01,0.0,0.0,0.0,0.0,0.0,0.0,0.01,0.5424384954442555,I128
128,1m4c,0,A,129.0,ILE,I,14.0,13.0,27.0,I,H,0.23668639053254437,I,0.0,0.0,0.0,0.0,0.0,0.1,0.0,0.0,0.72,0.0,0.04,0.0,0.0,0.0,0.0,0.0,0.0,0.0,0.0,0.0,0.0,0.0,0.13,0.0,0.0,0.0,0.01,1.3082602158891816,I129
129,1m4c,0,A,130.0,SER,S,18.0,5.0,23.0,S,H,0.6076923076923076,S,0.05,0.0,0.0,0.0,0.0,0.0,0.0,0.0,0.0,0.0,0.0,0.0,0.0,0.0,0.0,0.0,0.93,0.01,0.0,0.0,0.0,0.0,0.0,0.0,0.0,0.0,0.01,0.4463420906998873,S130
130,1m4c,0,A,131.0,THR,T,15.0,12.0,27.0,T,-,0.5985915492957746,T,0.0,0.0,0.0,0.0,0.0,0.0,0.0,0.0,0.0,0.05,0.0,0.0,0.0,0.0,0.0,0.0,0.0,0.93,0.0,0.0,0.0,0.0,0.0,0.0,0.0,0.0,0.02,0.4263420906998873,T131
131,1m4c,0,A,,,,,,,,,,L,0.0,0.0,0.0,0.0,0.0,0.0,0.0,0.0,0.0,0.0,0.8,0.14,0.0,0.0,0.0,0.01,0.01,0.0,0.0,0.0,0.0,0.0,0.0,0.0,0.0,0.0,0.04,0.9732840247767702,L132
132,1m4c,0,A,,,,,,,,,,T,0.02,0.0,0.0,0.0,0.0,0.0,0.0,0.0,0.0,0.0,0.0,0.0,0.0,0.0,0.0,0.0,0.03,0.82,0.0,0.0,0.0,0.0,0.0,0.0,0.0,0.0,0.13,0.8820575076079195,T133
133,1m4c,0,B,,,,,,,,,,A,0.94,0.0,0.0,0.0,0.0,0.0,0.0,0.0,0.0,0.0,0.0,0.0,0.0,0.0,0.0,0.0,0.0,0.0,0.0,0.0,0.0,0.0,0.0,0.0,0.0,0.0,0.06,0.32744491915447627,A1
134,1m4c,0,B,,,,,,,,,,P,0.0,0.0,0.0,0.0,0.0,0.0,0.0,0.0,0.0,0.0,0.01,0.0,0.0,0.98,0.0,0.0,0.0,0.0,0.0,0.0,0.0,0.0,0.0,0.0,0.0,0.0,0.01,0.16144054254182066,P2
135,1m4c,0,B,,,,,,,,,,T,0.08,0.0,0.0,0.0,0.0,0.0,0.0,0.0,0.01,0.0,0.0,0.0,0.0,0.0,0.0,0.0,0.0,0.9,0.0,0.0,0.0,0.0,0.0,0.0,0.0,0.0,0.01,0.5611884030780173,T3
136,1m4c,0,B,,,,,,,,,,S,0.0,0.0,0.0,0.0,0.0,0.0,0.0,0.0,0.0,0.0,0.05,0.0,0.0,0.01,0.0,0.0,0.93,0.01,0.0,0.0,0.0,0.0,0.0,0.0,0.0,0.0,0.0,0.4463420906998874,S4
137,1m4c,0,B,,,,,,,,,,S,0.01,0.0,0.0,0.0,0.0,0.0,0.06,0.0,0.0,0.0,0.0,0.0,0.0,0.0,0.0,0.02,0.9,0.01,0.0,0.0,0.0,0.0,0.0,0.0,0.0,0.0,0.0,0.6260906530347481,S5
138,1m4c,0,B,6.0,SER,S,8.0,9.0,17.0,S,-,0.8,S,0.01,0.0,0.0,0.0,0.0,0.0,0.0,0.0,0.0,0.0,0.0,0.0,0.0,0.02,0.0,0.0,0.97,0.0,0.0,0.0,0.0,0.0,0.0,0.0,0.0,0.0,0.0,0.22194073285321086,S6
139,1m4c,0,B,7.0,THR,T,15.0,10.0,25.0,T,H,0.06338028169014084,T,0.05,0.0,0.0,0.0,0.0,0.0,0.0,0.0,0.0,0.01,0.0,0.01,0.0,0.0,0.0,0.02,0.0,0.91,0.0,0.0,0.0,0.0,0.0,0.0,0.0,0.0,0.0,0.585666662449543,T7
140,1m4c,0,B,8.0,LYS,K,3.0,15.0,18.0,K,H,0.4975609756097561,K,0.0,0.0,0.0,0.0,0.12,0.0,0.0,0.0,0.0,0.85,0.0,0.0,0.0,0.0,0.0,0.01,0.0,0.0,0.0,0.02,0.0,0.0,0.0,0.0,0.0,0.0,0.0,0.7456783939711394,K8
141,1m4c,0,B,9.0,LYS,K,5.0,12.0,17.0,K,H,0.6341463414634146,K,0.01,0.0,0.0,0.07,0.32,0.0,0.0,0.0,0.0,0.53,0.0,0.0,0.07,0.0,0.0,0.0,0.0,0.0,0.0,0.0,0.0,0.0,0.0,0.0,0.0,0.0,0.0,1.6150286597681647,K9
142,1m4c,0,B,10.0,THR,T,16.0,12.0,28.0,T,H,0.16901408450704225,T,0.01,0.0,0.0,0.0,0.0,0.0,0.0,0.0,0.01,0.0,0.0,0.02,0.0,0.0,0.0,0.0,0.0,0.96,0.0,0.0,0.0,0.0,0.0,0.0,0.0,0.0,0.0,0.3022921890824148,T10
143,1m4c,0,B,11.0,GLN,Q,9.0,17.0,26.0,Q,H,0.26262626262626265,Q,0.0,0.0,0.0,0.0,0.04,0.0,0.0,0.01,0.0,0.14,0.0,0.0,0.0,0.0,0.73,0.08,0.0,0.0,0.0,0.0,0.0,0.0,0.0,0.0,0.0,0.0,0.0,1.2722545727042476,Q11
144,1m4c,0,B,12.0,LEU,L,4.0,15.0,19.0,L,H,0.5670731707317073,L,0.0,0.0,0.0,0.0,0.05,0.0,0.01,0.0,0.0,0.09,0.53,0.0,0.0,0.0,0.32,0.0,0.0,0.0,0.0,0.0,0.0,0.0,0.0,0.0,0.0,0.0,0.0,1.606668693982053,L12
145,1m4c,0,B,13.0,GLN,Q,16.0,12.0,28.0,Q,H,0.11616161616161616,Q,0.0,0.0,0.0,0.0,0.0,0.0,0.0,0.05,0.0,0.0,0.0,0.0,0.0,0.02,0.91,0.01,0.0,0.0,0.0,0.0,0.0,0.01,0.0,0.0,0.0,0.0,0.0,0.585666662449543,Q13
146,1m4c,0,B,14.0,LEU,L,20.0,17.0,37.0,L,H,0.0,L,0.0,0.0,0.0,0.0,0.0,0.0,0.0,0.0,0.0,0.0,0.87,0.04,0.0,0.0,0.0,0.0,0.0,0.0,0.0,0.09,0.0,0.0,0.0,0.0,0.0,0.0,0.0,0.673202098256523,L14
147,1m4c,0,B,15.0,GLU,E,7.0,20.0,27.0,E,H,0.3917525773195876,E,0.0,0.0,0.0,0.0,0.92,0.0,0.0,0.0,0.0,0.03,0.0,0.0,0.0,0.0,0.05,0.0,0.0,0.0,0.0,0.0,0.0,0.0,0.0,0.0,0.0,0.0,0.0,0.47853391043627,E15
148,1m4c,0,B,16.0,HIS,H,13.0,13.0,26.0,H,H,0.5054347826086957,H,0.0,0.0,0.0,0.0,0.0,0.0,0.0,0.58,0.0,0.0,0.0,0.0,0.0,0.05,0.29,0.01,0.07,0.0,0.0,0.0,0.0,0.0,0.0,0.0,0.0,0.0,0.0,1.5248014747253364,H16
149,1m4c,0,B,17.0,LEU,L,24.0,13.0,37.0,L,H,0.0,L,0.0,0.0,0.0,0.0,0.0,0.0,0.0,0.0,0.0,0.0,0.99,0.0,0.0,0.0,0.0,0.0,0.0,0.0,0.0,0.01,0.0,0.0,0.0,0.0,0.0,0.0,0.0,0.08079313589591118,L17
150,1m4c,0,B,18.0,LEU,L,12.0,18.0,30.0,L,H,0.1524390243902439,L,0.0,0.0,0.0,0.0,0.0,0.0,0.0,0.0,0.0,0.0,1.0,0.0,0.0,0.0,0.0,0.0,0.0,0.0,0.0,0.0,0.0,0.0,0.0,0.0,0.0,0.0,0.0,0.0,L18
151,1m4c,0,B,19.0,LEU,L,8.0,16.0,24.0,L,H,0.524390243902439,L,0.0,0.0,0.0,0.0,0.0,0.0,0.01,0.0,0.0,0.02,0.89,0.04,0.0,0.0,0.04,0.0,0.0,0.0,0.0,0.0,0.0,0.0,0.0,0.0,0.0,0.0,0.0,0.7004534362146306,L19
152,1m4c,0,B,20.0,ASP,D,17.0,12.0,29.0,D,H,0.1165644171779141,D,0.0,0.0,0.0,1.0,0.0,0.0,0.0,0.0,0.0,0.0,0.0,0.0,0.0,0.0,0.0,0.0,0.0,0.0,0.0,0.0,0.0,0.0,0.0,0.0,0.0,0.0,0.0,0.0,D20
153,1m4c,0,B,21.0,LEU,L,23.0,14.0,37.0,L,H,0.0,L,0.0,0.0,0.0,0.0,0.0,0.0,0.0,0.0,0.0,0.0,1.0,0.0,0.0,0.0,0.0,0.0,0.0,0.0,0.0,0.0,0.0,0.0,0.0,0.0,0.0,0.0,0.0,0.0,L21
154,1m4c,0,B,22.0,GLN,Q,9.0,18.0,27.0,Q,H,0.29797979797979796,Q,0.0,0.0,0.0,0.01,0.03,0.0,0.0,0.04,0.0,0.0,0.0,0.0,0.0,0.0,0.82,0.1,0.0,0.0,0.0,0.0,0.0,0.0,0.0,0.0,0.0,0.0,0.0,0.9709218614775251,Q22
155,1m4c,0,B,23.0,MET,M,8.0,13.0,21.0,M,H,0.5585106382978723,M,0.0,0.0,0.0,0.0,0.01,0.05,0.0,0.0,0.0,0.02,0.19,0.64,0.0,0.0,0.0,0.02,0.0,0.0,0.0,0.07,0.0,0.0,0.0,0.0,0.0,0.0,0.0,1.644138712932043,M23
156,1m4c,0,B,24.0,ILE,I,21.0,10.0,31.0,I,H,0.047337278106508875,I,0.01,0.0,0.0,0.0,0.0,0.0,0.0,0.0,0.51,0.0,0.45,0.0,0.0,0.0,0.0,0.0,0.0,0.01,0.0,0.02,0.0,0.0,0.0,0.0,0.0,0.0,0.0,1.2595853720209083,I24
157,1m4c,0,B,25.0,LEU,L,15.0,12.0,27.0,L,H,0.09146341463414634,L,0.0,0.0,0.0,0.0,0.0,0.0,0.0,0.0,0.0,0.0,0.94,0.0,0.0,0.0,0.0,0.0,0.06,0.0,0.0,0.0,0.0,0.0,0.0,0.0,0.0,0.0,0.0,0.32744491915447627,L25
158,1m4c,0,B,26.0,ASN,N,5.0,12.0,17.0,N,H,0.6624203821656051,N,0.0,0.0,0.0,0.0,0.03,0.0,0.0,0.0,0.0,0.16,0.0,0.0,0.72,0.0,0.0,0.08,0.0,0.0,0.0,0.0,0.0,0.01,0.0,0.0,0.0,0.0,0.0,1.273961313714625,N26
159,1m4c,0,B,27.0,GLY,G,8.0,10.0,18.0,G,H,0.4523809523809524,G,0.01,0.0,0.0,0.0,0.12,0.0,0.8,0.0,0.0,0.0,0.0,0.01,0.0,0.0,0.0,0.03,0.0,0.03,0.0,0.0,0.0,0.0,0.0,0.0,0.0,0.0,0.0,1.0610204637350267,G27
160,1m4c,0,B,28.0,ILE,I,17.0,9.0,26.0,I,H,0.011834319526627219,I,0.0,0.0,0.0,0.0,0.0,0.01,0.0,0.0,0.64,0.0,0.0,0.0,0.0,0.0,0.0,0.0,0.0,0.01,0.0,0.34,0.0,0.0,0.0,0.0,0.0,0.0,0.0,1.0741188237496093,I28
161,1m4c,0,B,29.0,ASN,N,8.0,13.0,21.0,N,H,0.5668789808917197,N,0.0,0.0,0.0,0.01,0.0,0.0,0.0,0.0,0.0,0.01,0.0,0.0,0.91,0.0,0.0,0.0,0.05,0.02,0.0,0.0,0.0,0.0,0.0,0.0,0.0,0.0,0.0,0.585666662449543,N29
162,1m4c,0,B,30.0,ASN,N,5.0,9.0,14.0,N,H,0.8853503184713376,N,0.0,0.0,0.0,0.0,0.0,0.0,0.0,0.0,0.0,0.0,0.0,0.0,0.99,0.0,0.0,0.0,0.01,0.0,0.0,0.0,0.0,0.0,0.0,0.0,0.0,0.0,0.0,0.08079313589591118,N30
163,1m4c,0,B,31.0,TYR,Y,15.0,3.0,18.0,Y,S,0.32882882882882886,Y,0.0,0.0,0.01,0.02,0.0,0.0,0.0,0.03,0.0,0.0,0.0,0.0,0.01,0.05,0.05,0.0,0.01,0.0,0.0,0.0,0.0,0.0,0.82,0.0,0.0,0.0,0.0,1.1309218614775254,Y31
164,1m4c,0,B,32.0,LYS,K,2.0,11.0,13.0,K,-,0.8048780487804879,K,0.0,0.0,0.0,0.01,0.29,0.0,0.0,0.0,0.0,0.7,0.0,0.0,0.0,0.0,0.0,0.0,0.0,0.0,0.0,0.0,0.0,0.0,0.0,0.0,0.0,0.0,0.0,0.9445435893262523,K32
165,1m4c,0,B,33.0,ASN,N,0.0,12.0,12.0,N,H,0.7770700636942676,N,0.0,0.0,0.0,0.01,0.0,0.0,0.0,0.0,0.0,0.0,0.0,0.0,0.97,0.0,0.0,0.0,0.0,0.02,0.0,0.0,0.0,0.0,0.0,0.0,0.0,0.0,0.0,0.2219407328532109,N33
166,1m4c,0,B,34.0,PRO,P,1.0,12.0,13.0,P,H,0.5882352941176471,P,0.0,0.0,0.0,0.0,0.0,0.0,0.0,0.02,0.0,0.0,0.15,0.0,0.0,0.75,0.0,0.0,0.07,0.01,0.0,0.0,0.0,0.0,0.0,0.0,0.0,0.0,0.0,1.1696937380175039,P34
167,1m4c,0,B,35.0,LYS,K,9.0,8.0,17.0,K,H,0.5170731707317073,K,0.0,0.0,0.0,0.0,0.03,0.0,0.0,0.0,0.0,0.89,0.0,0.0,0.0,0.0,0.03,0.0,0.0,0.05,0.0,0.0,0.0,0.0,0.0,0.0,0.0,0.0,0.0,0.6692592814269932,K35
168,1m4c,0,B,36.0,LEU,L,9.0,14.0,23.0,L,H,0.14634146341463414,L,0.0,0.0,0.0,0.0,0.0,0.0,0.0,0.0,0.0,0.0,0.99,0.0,0.0,0.0,0.0,0.01,0.0,0.0,0.0,0.0,0.0,0.0,0.0,0.0,0.0,0.0,0.0,0.08079313589591118,L36
169,1m4c,0,B,37.0,THR,T,3.0,14.0,17.0,T,H,0.647887323943662,T,0.0,0.0,0.0,0.0,0.0,0.07,0.0,0.0,0.0,0.0,0.0,0.0,0.0,0.06,0.0,0.0,0.3,0.57,0.0,0.0,0.0,0.0,0.0,0.0,0.0,0.0,0.0,1.4954291084309648,T37
170,1m4c,0,B,38.0,ARG,R,8.0,11.0,19.0,R,H,0.6532258064516129,R,0.0,0.0,0.0,0.0,0.0,0.0,0.0,0.0,0.0,0.0,0.0,0.06,0.0,0.0,0.0,0.91,0.02,0.01,0.0,0.0,0.0,0.0,0.0,0.0,0.0,0.0,0.0,0.5466653171506417,R38
171,1m4c,0,B,39.0,MET,M,17.0,9.0,26.0,M,H,0.05851063829787234,M,0.0,0.0,0.0,0.0,0.0,0.0,0.0,0.0,0.03,0.0,0.0,0.97,0.0,0.0,0.0,0.0,0.0,0.0,0.0,0.0,0.0,0.0,0.0,0.0,0.0,0.0,0.0,0.1943918578315762,M39
172,1m4c,0,B,40.0,LEU,L,10.0,14.0,24.0,L,T,0.3719512195121951,L,0.0,0.0,0.01,0.0,0.0,0.0,0.0,0.0,0.0,0.0,0.99,0.0,0.0,0.0,0.0,0.0,0.0,0.0,0.0,0.0,0.0,0.0,0.0,0.0,0.0,0.0,0.0,0.08079313589591118,L40
173,1m4c,0,B,41.0,THR,T,4.0,13.0,17.0,T,T,0.6549295774647887,T,0.0,0.0,0.0,0.0,0.0,0.0,0.0,0.0,0.0,0.06,0.0,0.0,0.0,0.0,0.0,0.02,0.0,0.92,0.0,0.0,0.0,0.0,0.0,0.0,0.0,0.0,0.0,0.4670814401590034,T41
174,1m4c,0,B,42.0,PHE,F,13.0,9.0,22.0,F,S,0.47715736040609136,F,0.02,0.0,0.0,0.0,0.0,0.97,0.0,0.0,0.0,0.0,0.01,0.0,0.0,0.0,0.0,0.0,0.0,0.0,0.0,0.0,0.0,0.0,0.0,0.0,0.0,0.0,0.0,0.2219407328532109,F42
175,1m4c,0,B,43.0,LYS,K,6.0,16.0,22.0,K,-,0.4634146341463415,K,0.0,0.0,0.01,0.0,0.0,0.0,0.0,0.0,0.0,0.98,0.0,0.0,0.0,0.0,0.0,0.0,0.0,0.01,0.0,0.0,0.0,0.0,0.0,0.0,0.0,0.0,0.0,0.16144054254182066,K43
176,1m4c,0,B,44.0,PHE,F,23.0,9.0,32.0,F,B,0.02030456852791878,F,0.0,0.0,0.0,0.0,0.0,0.98,0.0,0.0,0.0,0.0,0.02,0.0,0.0,0.0,0.0,0.0,0.0,0.0,0.0,0.0,0.0,0.0,0.0,0.0,0.0,0.0,0.0,0.14144054254182067,F44
177,1m4c,0,B,45.0,TYR,Y,13.0,17.0,30.0,Y,-,0.527027027027027,Y,0.01,0.0,0.0,0.0,0.0,0.01,0.0,0.0,0.0,0.0,0.0,0.0,0.01,0.0,0.0,0.0,0.0,0.0,0.0,0.0,0.0,0.0,0.97,0.0,0.0,0.0,0.0,0.24194073285321088,Y45
178,1m4c,0,B,46.0,MET,M,17.0,15.0,32.0,M,-,0.14893617021276595,M,0.0,0.0,0.0,0.0,0.0,0.0,0.0,0.0,0.01,0.0,0.03,0.78,0.0,0.0,0.0,0.0,0.0,0.08,0.0,0.1,0.0,0.0,0.0,0.0,0.0,0.0,0.0,1.1215007745518,M46
179,1m4c,0,B,47.0,PRO,P,19.0,11.0,30.0,P,B,0.03676470588235294,P,0.0,0.0,0.0,0.0,0.0,0.0,0.0,0.0,0.0,0.0,0.0,0.0,0.0,1.0,0.0,0.0,0.0,0.0,0.0,0.0,0.0,0.0,0.0,0.0,0.0,0.0,0.0,0.0,P47
180,1m4c,0,B,48.0,LYS,K,6.0,11.0,17.0,K,S,0.7073170731707317,K,0.0,0.0,0.0,0.0,0.0,0.0,0.0,0.0,0.0,0.93,0.0,0.03,0.02,0.0,0.0,0.02,0.0,0.0,0.0,0.0,0.0,0.0,0.0,0.0,0.0,0.0,0.0,0.47488962042262073,K48
181,1m4c,0,B,49.0,LYS,K,5.0,16.0,21.0,K,-,0.6097560975609756,K,0.0,0.0,0.0,0.0,0.0,0.0,0.0,0.0,0.0,0.97,0.0,0.0,0.0,0.0,0.01,0.0,0.0,0.0,0.0,0.0,0.0,0.0,0.0,0.0,0.0,0.02,0.0,0.22194073285321086,K49
182,1m4c,0,B,50.0,ALA,A,18.0,8.0,26.0,A,-,0.16981132075471697,A,0.96,0.0,0.0,0.0,0.0,0.0,0.0,0.0,0.0,0.0,0.0,0.0,0.0,0.0,0.0,0.0,0.0,0.0,0.0,0.04,0.0,0.0,0.0,0.0,0.0,0.0,0.0,0.24229218908241482,A50
183,1m4c,0,B,51.0,THR,T,3.0,21.0,24.0,T,-,0.5774647887323944,T,0.0,0.0,0.0,0.0,0.0,0.0,0.0,0.0,0.0,0.01,0.0,0.0,0.0,0.0,0.0,0.0,0.03,0.96,0.0,0.0,0.0,0.0,0.0,0.0,0.0,0.0,0.0,0.2747433140607801,T51
184,1m4c,0,B,52.0,GLU,E,10.0,14.0,24.0,E,S,0.5309278350515464,E,0.0,0.0,0.0,0.06,0.94,0.0,0.0,0.0,0.0,0.0,0.0,0.0,0.0,0.0,0.0,0.0,0.0,0.0,0.0,0.0,0.0,0.0,0.0,0.0,0.0,0.0,0.0,0.32744491915447627,E52
185,1m4c,0,B,53.0,LEU,L,17.0,17.0,34.0,L,G,0.18902439024390244,L,0.0,0.0,0.0,0.0,0.0,0.03,0.0,0.0,0.0,0.0,0.97,0.0,0.0,0.0,0.0,0.0,0.0,0.0,0.0,0.0,0.0,0.0,0.0,0.0,0.0,0.0,0.0,0.1943918578315762,L53
186,1m4c,0,B,54.0,LYS,K,6.0,20.0,26.0,K,G,0.5365853658536586,K,0.0,0.0,0.0,0.0,0.05,0.0,0.0,0.0,0.0,0.8,0.0,0.0,0.02,0.0,0.0,0.01,0.0,0.12,0.0,0.0,0.0,0.0,0.0,0.0,0.0,0.0,0.0,1.0200218090339277,K54
187,1m4c,0,B,55.0,HIS,H,13.0,16.0,29.0,H,G,0.016304347826086956,H,0.0,0.0,0.0,0.01,0.0,0.0,0.0,0.98,0.0,0.0,0.0,0.0,0.0,0.0,0.01,0.0,0.0,0.0,0.0,0.0,0.0,0.0,0.0,0.0,0.0,0.0,0.0,0.16144054254182066,H55
188,1m4c,0,B,56.0,LEU,L,18.0,20.0,38.0,L,G,0.0,L,0.0,0.0,0.0,0.0,0.0,0.0,0.0,0.0,0.0,0.0,1.0,0.0,0.0,0.0,0.0,0.0,0.0,0.0,0.0,0.0,0.0,0.0,0.0,0.0,0.0,0.0,0.0,0.0,L56
189,1m4c,0,B,57.0,GLN,Q,10.0,23.0,33.0,Q,H,0.23232323232323232,Q,0.0,0.0,0.0,0.0,0.0,0.0,0.0,0.0,0.0,0.0,0.0,0.0,0.0,0.0,1.0,0.0,0.0,0.0,0.0,0.0,0.0,0.0,0.0,0.0,0.0,0.0,0.0,0.0,Q57
190,1m4c,0,B,58.0,CYS,C,20.0,13.0,33.0,C,H,0.014814814814814815,C,0.0,0.0,1.0,0.0,0.0,0.0,0.0,0.0,0.0,0.0,0.0,0.0,0.0,0.0,0.0,0.0,0.0,0.0,0.0,0.0,0.0,0.0,0.0,0.0,0.0,0.0,0.0,0.0,C58
191,1m4c,0,B,59.0,LEU,L,21.0,18.0,39.0,L,H,0.0,L,0.0,0.0,0.0,0.0,0.0,0.01,0.0,0.0,0.0,0.0,0.99,0.0,0.0,0.0,0.0,0.0,0.0,0.0,0.0,0.0,0.0,0.0,0.0,0.0,0.0,0.0,0.0,0.08079313589591118,L59
192,1m4c,0,B,60.0,GLU,E,15.0,17.0,32.0,E,H,0.27835051546391754,E,0.11,0.0,0.0,0.0,0.7,0.0,0.0,0.0,0.0,0.0,0.0,0.05,0.0,0.0,0.01,0.0,0.0,0.0,0.0,0.13,0.0,0.0,0.0,0.0,0.0,0.0,0.0,1.3756670317604356,E60
193,1m4c,0,B,61.0,GLU,E,12.0,12.0,24.0,E,T,0.4175257731958763,E,0.0,0.0,0.0,0.03,0.94,0.0,0.02,0.0,0.0,0.0,0.0,0.0,0.0,0.0,0.0,0.0,0.0,0.0,0.0,0.01,0.0,0.0,0.0,0.0,0.0,0.0,0.0,0.41499379417611093,E61
194,1m4c,0,B,62.0,GLU,E,15.0,13.0,28.0,E,T,0.0979381443298969,E,0.0,0.0,0.0,0.0,1.0,0.0,0.0,0.0,0.0,0.0,0.0,0.0,0.0,0.0,0.0,0.0,0.0,0.0,0.0,0.0,0.0,0.0,0.0,0.0,0.0,0.0,0.0,0.0,E62
195,1m4c,0,B,63.0,LEU,L,17.0,15.0,32.0,L,H,0.018292682926829267,L,0.0,0.0,0.0,0.0,0.0,0.0,0.0,0.0,0.0,0.0,1.0,0.0,0.0,0.0,0.0,0.0,0.0,0.0,0.0,0.0,0.0,0.0,0.0,0.0,0.0,0.0,0.0,0.0,L63
196,1m4c,0,B,64.0,LYS,K,1.0,18.0,19.0,K,H,0.7951219512195122,K,0.0,0.0,0.0,0.0,0.01,0.0,0.06,0.0,0.0,0.9,0.0,0.0,0.0,0.0,0.01,0.01,0.0,0.01,0.0,0.0,0.0,0.0,0.0,0.0,0.0,0.0,0.0,0.6460906530347479,K64
197,1m4c,0,B,65.0,PRO,P,11.0,9.0,20.0,P,H,0.36764705882352944,P,0.07,0.0,0.0,0.0,0.0,0.0,0.0,0.0,0.0,0.0,0.0,0.0,0.03,0.9,0.0,0.0,0.0,0.0,0.0,0.0,0.0,0.0,0.0,0.0,0.0,0.0,0.0,0.5571246835123504,P65
198,1m4c,0,B,66.0,LEU,L,21.0,12.0,33.0,L,H,0.0,L,0.0,0.0,0.0,0.0,0.0,0.0,0.0,0.0,0.0,0.0,0.99,0.0,0.0,0.0,0.0,0.0,0.0,0.0,0.0,0.01,0.0,0.0,0.0,0.0,0.0,0.0,0.0,0.08079313589591118,L66
199,1m4c,0,B,67.0,GLU,E,13.0,11.0,24.0,E,H,0.23711340206185566,E,0.0,0.0,0.0,0.0,0.88,0.0,0.0,0.0,0.0,0.01,0.0,0.0,0.0,0.0,0.1,0.01,0.0,0.0,0.0,0.0,0.0,0.0,0.0,0.0,0.0,0.0,0.0,0.6273635558851669,E67
200,1m4c,0,B,68.0,GLU,E,6.0,11.0,17.0,E,H,0.5463917525773195,E,0.0,0.0,0.0,0.09,0.79,0.0,0.02,0.01,0.0,0.04,0.0,0.0,0.01,0.0,0.0,0.02,0.02,0.0,0.0,0.0,0.0,0.0,0.0,0.0,0.0,0.0,0.0,1.2385761485850053,E68
201,1m4c,0,B,69.0,VAL,V,17.0,9.0,26.0,V,H,0.06338028169014084,V,0.01,0.0,0.0,0.0,0.0,0.0,0.0,0.0,0.0,0.0,0.0,0.0,0.0,0.0,0.0,0.0,0.0,0.0,0.0,0.99,0.0,0.0,0.0,0.0,0.0,0.0,0.0,0.08079313589591118,V69
202,1m4c,0,B,70.0,LEU,L,14.0,12.0,26.0,L,H,0.22560975609756098,L,0.0,0.0,0.0,0.0,0.0,0.0,0.0,0.0,0.0,0.0,1.0,0.0,0.0,0.0,0.0,0.0,0.0,0.0,0.0,0.0,0.0,0.0,0.0,0.0,0.0,0.0,0.0,0.0,L70
203,1m4c,0,B,71.0,ASN,N,9.0,7.0,16.0,N,H,0.5477707006369427,N,0.0,0.0,0.0,0.06,0.0,0.0,0.03,0.01,0.0,0.01,0.0,0.0,0.78,0.0,0.0,0.0,0.01,0.02,0.0,0.0,0.0,0.0,0.08,0.0,0.0,0.0,0.0,1.278595833997267,N71
204,1m4c,0,B,72.0,LEU,L,9.0,4.0,13.0,L,T,0.7378048780487805,L,0.0,0.0,0.0,0.0,0.0,0.0,0.01,0.0,0.04,0.0,0.82,0.0,0.0,0.0,0.0,0.0,0.0,0.0,0.0,0.13,0.0,0.0,0.0,0.0,0.0,0.0,0.0,0.8696063826295541,L72
205,1m4c,0,B,73.0,ALA,A,17.0,2.0,19.0,A,-,0.4811320754716981,A,0.9,0.0,0.0,0.0,0.0,0.0,0.01,0.0,0.0,0.0,0.0,0.0,0.0,0.08,0.0,0.0,0.0,0.01,0.0,0.0,0.0,0.0,0.0,0.0,0.0,0.0,0.0,0.5611884030780174,A73
206,1m4c,0,B,,,,,,,,,,Q,0.0,0.0,0.0,0.0,0.02,0.0,0.0,0.01,0.0,0.0,0.0,0.0,0.0,0.0,0.97,0.0,0.0,0.0,0.0,0.0,0.0,0.0,0.0,0.0,0.0,0.0,0.0,0.22194073285321086,Q74
207,1m4c,0,B,,,,,,,,,,S,0.0,0.0,0.0,0.0,0.0,0.0,0.0,0.0,0.0,0.0,0.0,0.0,0.02,0.0,0.0,0.0,0.98,0.0,0.0,0.0,0.0,0.0,0.0,0.0,0.0,0.0,0.0,0.14144054254182067,S75
208,1m4c,0,B,,,,,,,,,,K,0.0,0.0,0.0,0.0,0.0,0.0,0.0,0.0,0.0,0.99,0.0,0.0,0.01,0.0,0.0,0.0,0.0,0.0,0.0,0.0,0.0,0.0,0.0,0.0,0.0,0.0,0.0,0.08079313589591118,K76
209,1m4c,0,B,,,,,,,,,,N,0.0,0.0,0.0,0.0,0.01,0.0,0.0,0.0,0.0,0.0,0.0,0.01,0.82,0.0,0.0,0.0,0.08,0.07,0.0,0.0,0.0,0.0,0.0,0.0,0.0,0.01,0.0,0.9941487014438637,N77
210,1m4c,0,B,,,,,,,,,,F,0.0,0.0,0.0,0.0,0.0,0.8,0.0,0.0,0.0,0.0,0.0,0.0,0.0,0.0,0.07,0.0,0.07,0.0,0.0,0.04,0.0,0.0,0.0,0.0,0.0,0.02,0.0,1.0932840247767701,F78
211,1m4c,0,B,,,,,,,,,,H,0.0,0.0,0.0,0.01,0.0,0.0,0.0,0.85,0.0,0.0,0.0,0.0,0.07,0.0,0.02,0.03,0.0,0.0,0.0,0.0,0.0,0.0,0.0,0.0,0.0,0.02,0.0,0.9118101744920112,H79
212,1m4c,0,B,,,,,,,,,,L,0.0,0.0,0.0,0.0,0.0,0.01,0.0,0.0,0.06,0.0,0.89,0.0,0.0,0.0,0.0,0.0,0.02,0.0,0.0,0.0,0.01,0.0,0.0,0.0,0.0,0.01,0.0,0.7053556861713612,L80
213,1m4c,0,B,,,,,,,,,,R,0.0,0.0,0.0,0.1,0.05,0.0,0.01,0.0,0.0,0.11,0.0,0.0,0.09,0.0,0.0,0.57,0.0,0.07,0.0,0.0,0.0,0.0,0.0,0.0,0.0,0.0,0.0,2.0084740947437747,R81
214,1m4c,0,B,,,,,,,,,,P,0.05,0.0,0.0,0.29,0.0,0.0,0.01,0.07,0.11,0.01,0.0,0.0,0.02,0.41,0.0,0.0,0.01,0.02,0.0,0.0,0.0,0.0,0.0,0.0,0.0,0.0,0.0,2.3052966519558113,P82
215,1m4c,0,B,83.0,ARG,R,0.0,16.0,16.0,R,-,0.8306451612903226,R,0.0,0.0,0.0,0.0,0.05,0.0,0.0,0.0,0.0,0.33,0.0,0.0,0.0,0.0,0.0,0.61,0.01,0.0,0.0,0.0,0.0,0.0,0.0,0.0,0.0,0.0,0.0,1.2453599497287062,R83
216,1m4c,0,B,84.0,ASP,D,0.0,13.0,13.0,D,-,0.8220858895705522,D,0.0,0.0,0.0,0.67,0.2,0.0,0.0,0.0,0.0,0.0,0.0,0.0,0.11,0.0,0.02,0.0,0.0,0.0,0.0,0.0,0.0,0.0,0.0,0.0,0.0,0.0,0.0,1.314653335140442,D84
217,1m4c,0,B,85.0,LEU,L,12.0,12.0,24.0,L,H,0.42073170731707316,L,0.0,0.0,0.0,0.0,0.0,0.08,0.0,0.0,0.05,0.0,0.74,0.0,0.0,0.0,0.0,0.0,0.1,0.01,0.0,0.02,0.0,0.0,0.0,0.0,0.0,0.0,0.0,1.3405714849761976,L85
218,1m4c,0,B,86.0,ILE,I,13.0,14.0,27.0,I,H,0.029585798816568046,I,0.0,0.0,0.0,0.0,0.0,0.0,0.0,0.0,0.76,0.0,0.0,0.21,0.0,0.0,0.0,0.0,0.0,0.0,0.0,0.03,0.0,0.0,0.0,0.0,0.0,0.0,0.0,0.9254957457524253,I86
219,1m4c,0,B,87.0,SER,S,3.0,16.0,19.0,S,H,0.49230769230769234,S,0.0,0.0,0.0,0.07,0.0,0.0,0.02,0.0,0.0,0.0,0.0,0.0,0.05,0.0,0.0,0.0,0.86,0.0,0.0,0.0,0.0,0.0,0.0,0.0,0.0,0.0,0.0,0.7846572514425201,S87
220,1m4c,0,B,88.0,ASN,N,10.0,13.0,23.0,N,H,0.5732484076433121,N,0.0,0.0,0.0,0.0,0.0,0.0,0.0,0.0,0.0,0.0,0.0,0.0,1.0,0.0,0.0,0.0,0.0,0.0,0.0,0.0,0.0,0.0,0.0,0.0,0.0,0.0,0.0,0.0,N88
221,1m4c,0,B,89.0,ILE,I,22.0,14.0,36.0,I,H,0.0,I,0.0,0.0,0.0,0.0,0.0,0.0,0.0,0.0,0.96,0.0,0.0,0.04,0.0,0.0,0.0,0.0,0.0,0.0,0.0,0.0,0.0,0.0,0.0,0.0,0.0,0.0,0.0,0.24229218908241482,I89
222,1m4c,0,B,90.0,ASN,N,11.0,20.0,31.0,N,H,0.36942675159235666,N,0.0,0.0,0.0,0.0,0.0,0.0,0.0,0.0,0.0,0.01,0.0,0.0,0.94,0.0,0.0,0.05,0.0,0.0,0.0,0.0,0.0,0.0,0.0,0.0,0.0,0.0,0.0,0.3664462644533776,N90
223,1m4c,0,B,91.0,VAL,V,7.0,15.0,22.0,V,H,0.4295774647887324,V,0.0,0.0,0.0,0.0,0.0,0.0,0.0,0.0,0.01,0.0,0.05,0.0,0.0,0.0,0.0,0.07,0.0,0.0,0.0,0.87,0.0,0.0,0.0,0.0,0.0,0.0,0.0,0.7258840990979307,V91
224,1m4c,0,B,92.0,ILE,I,22.0,11.0,33.0,I,H,0.08284023668639054,I,0.0,0.0,0.0,0.0,0.0,0.01,0.0,0.0,0.54,0.0,0.04,0.0,0.0,0.0,0.0,0.0,0.0,0.41,0.0,0.0,0.0,0.0,0.0,0.0,0.0,0.0,0.0,1.2596206167130373,I92
225,1m4c,0,B,93.0,VAL,V,16.0,18.0,34.0,V,H,0.0,V,0.04,0.0,0.0,0.0,0.0,0.0,0.0,0.0,0.01,0.0,0.04,0.0,0.0,0.0,0.0,0.0,0.0,0.0,0.0,0.91,0.0,0.0,0.0,0.0,0.0,0.0,0.0,0.5617630671939111,V93
226,1m4c,0,B,94.0,LEU,L,6.0,19.0,25.0,L,H,0.4024390243902439,L,0.01,0.0,0.0,0.0,0.0,0.0,0.0,0.0,0.0,0.0,0.87,0.0,0.0,0.0,0.03,0.0,0.05,0.0,0.0,0.04,0.0,0.0,0.0,0.0,0.0,0.0,0.0,0.7948500686203283,L94
227,1m4c,0,B,95.0,GLU,E,10.0,11.0,21.0,E,H,0.5876288659793815,E,0.0,0.0,0.0,0.0,0.66,0.0,0.0,0.0,0.0,0.27,0.0,0.0,0.0,0.0,0.0,0.0,0.0,0.07,0.0,0.0,0.0,0.0,0.0,0.0,0.0,0.0,0.0,1.1742216008699766,E95
228,1m4c,0,B,96.0,LEU,L,24.0,9.0,33.0,L,H,0.11585365853658537,L,0.0,0.0,0.0,0.0,0.0,0.0,0.0,0.0,0.0,0.0,1.0,0.0,0.0,0.0,0.0,0.0,0.0,0.0,0.0,0.0,0.0,0.0,0.0,0.0,0.0,0.0,0.0,0.0,L96
229,1m4c,0,B,97.0,LYS,K,15.0,9.0,24.0,K,H,0.2146341463414634,K,0.0,0.0,0.0,0.0,0.0,0.0,0.0,0.0,0.0,1.0,0.0,0.0,0.0,0.0,0.0,0.0,0.0,0.0,0.0,0.0,0.0,0.0,0.0,0.0,0.0,0.0,0.0,0.0,K97
230,1m4c,0,B,98.0,GLY,G,5.0,13.0,18.0,G,-,0.5714285714285714,G,0.0,0.0,0.0,0.0,0.01,0.0,0.99,0.0,0.0,0.0,0.0,0.0,0.0,0.0,0.0,0.0,0.0,0.0,0.0,0.0,0.0,0.0,0.0,0.0,0.0,0.0,0.0,0.08079313589591118,G98
231,1m4c,0,B,99.0,SER,S,7.0,7.0,14.0,S,-,1.0,S,0.0,0.0,0.0,0.0,0.0,0.0,0.0,0.0,0.0,0.0,0.0,0.0,0.0,0.02,0.0,0.0,0.98,0.0,0.0,0.0,0.0,0.0,0.0,0.0,0.0,0.0,0.0,0.14144054254182067,S99
232,1m4c,0,B,,,,,,,,,,E,0.05,0.0,0.0,0.0,0.95,0.0,0.0,0.0,0.0,0.0,0.0,0.0,0.0,0.0,0.0,0.0,0.0,0.0,0.0,0.0,0.0,0.0,0.0,0.0,0.0,0.0,0.0,0.28639695711595625,E100
233,1m4c,0,B,,,,,,,,,,T,0.0,0.0,0.0,0.0,0.0,0.0,0.0,0.0,0.0,0.0,0.0,0.0,0.05,0.01,0.0,0.0,0.01,0.9,0.0,0.0,0.0,0.0,0.0,0.0,0.0,0.03,0.0,0.6375431233120147,T101
234,1m4c,0,B,,,,,,,,,,T,0.0,0.0,0.01,0.0,0.0,0.0,0.06,0.0,0.0,0.02,0.0,0.0,0.0,0.01,0.0,0.14,0.06,0.69,0.0,0.01,0.0,0.0,0.0,0.0,0.0,0.0,0.0,1.5657491254231848,T102
235,1m4c,0,B,103.0,PHE,F,12.0,1.0,13.0,F,-,0.6192893401015228,F,0.0,0.0,0.0,0.0,0.0,0.82,0.0,0.0,0.0,0.0,0.06,0.01,0.0,0.0,0.0,0.0,0.03,0.0,0.0,0.0,0.0,0.0,0.05,0.0,0.0,0.03,0.0,1.0643716411569892,F103
236,1m4c,0,B,104.0,MET,M,1.0,12.0,13.0,M,-,0.7180851063829787,M,0.0,0.0,0.0,0.0,0.01,0.0,0.0,0.0,0.03,0.01,0.0,0.53,0.03,0.0,0.0,0.02,0.0,0.35,0.0,0.02,0.0,0.0,0.0,0.0,0.0,0.0,0.0,1.6777115428822214,M104
237,1m4c,0,B,105.0,CYS,C,15.0,6.0,21.0,C,-,0.1037037037037037,C,0.0,0.0,1.0,0.0,0.0,0.0,0.0,0.0,0.0,0.0,0.0,0.0,0.0,0.0,0.0,0.0,0.0,0.0,0.0,0.0,0.0,0.0,0.0,0.0,0.0,0.0,0.0,0.0,C105
238,1m4c,0,B,106.0,GLU,E,2.0,16.0,18.0,E,-,0.6288659793814433,E,0.0,0.0,0.0,0.04,0.88,0.0,0.0,0.0,0.0,0.02,0.0,0.0,0.03,0.0,0.01,0.0,0.0,0.0,0.0,0.02,0.0,0.0,0.0,0.0,0.0,0.0,0.0,0.7920074903522684,E106
239,1m4c,0,B,107.0,TYR,Y,12.0,9.0,21.0,Y,B,0.26576576576576577,Y,0.0,0.0,0.0,0.0,0.0,0.05,0.0,0.0,0.0,0.0,0.0,0.0,0.0,0.0,0.0,0.0,0.0,0.0,0.0,0.0,0.0,0.0,0.93,0.0,0.0,0.02,0.0,0.4263420906998873,Y107
240,1m4c,0,B,108.0,ALA,A,10.0,5.0,15.0,A,-,0.330188679245283,A,0.53,0.0,0.0,0.38,0.03,0.0,0.0,0.03,0.0,0.0,0.0,0.0,0.02,0.0,0.0,0.0,0.0,0.0,0.0,0.0,0.0,0.0,0.0,0.0,0.0,0.01,0.0,1.4987481437043972,A108
241,1m4c,0,B,109.0,ASP,D,0.0,12.0,12.0,D,S,0.950920245398773,D,0.0,0.0,0.0,0.92,0.01,0.0,0.0,0.0,0.0,0.0,0.0,0.0,0.02,0.01,0.04,0.0,0.0,0.0,0.0,0.0,0.0,0.0,0.0,0.0,0.0,0.0,0.0,0.5421791902022728,D109
242,1m4c,0,B,110.0,GLU,E,4.0,10.0,14.0,E,S,0.8402061855670103,E,0.0,0.0,0.0,0.05,0.9,0.0,0.0,0.0,0.0,0.03,0.0,0.0,0.0,0.0,0.0,0.02,0.0,0.0,0.0,0.0,0.0,0.0,0.0,0.0,0.0,0.0,0.0,0.6175431233120147,E110
243,1m4c,0,B,111.0,THR,T,8.0,11.0,19.0,T,-,0.3732394366197183,T,0.01,0.0,0.0,0.0,0.01,0.0,0.0,0.0,0.0,0.0,0.0,0.0,0.0,0.01,0.0,0.01,0.02,0.92,0.0,0.02,0.0,0.0,0.0,0.0,0.0,0.0,0.0,0.6021791902022727,T111
244,1m4c,0,B,112.0,ALA,A,12.0,10.0,22.0,A,B,0.05660377358490566,A,0.8,0.0,0.0,0.0,0.01,0.0,0.0,0.0,0.0,0.0,0.0,0.0,0.0,0.0,0.0,0.0,0.01,0.01,0.0,0.17,0.0,0.0,0.0,0.0,0.0,0.0,0.0,0.891445030852277,A112
245,1m4c,0,B,113.0,THR,T,10.0,15.0,25.0,T,-,0.15492957746478872,T,0.0,0.0,0.0,0.01,0.0,0.0,0.0,0.0,0.0,0.0,0.0,0.0,0.09,0.0,0.0,0.0,0.0,0.9,0.0,0.0,0.0,0.0,0.0,0.0,0.0,0.0,0.0,0.5158951529482092,T113
246,1m4c,0,B,114.0,ILE,I,21.0,16.0,37.0,I,H,0.0,I,0.07,0.0,0.0,0.0,0.0,0.0,0.0,0.0,0.79,0.0,0.0,0.0,0.0,0.0,0.0,0.0,0.0,0.0,0.0,0.14,0.0,0.0,0.0,0.0,0.0,0.0,0.0,0.9343248650827165,I114
247,1m4c,0,B,115.0,VAL,V,10.0,20.0,30.0,V,H,0.22535211267605634,V,0.01,0.0,0.0,0.0,0.0,0.0,0.0,0.0,0.06,0.02,0.0,0.0,0.0,0.0,0.0,0.0,0.0,0.05,0.0,0.86,0.0,0.0,0.0,0.0,0.0,0.0,0.0,0.8260743459432829,V115
248,1m4c,0,B,116.0,GLU,E,11.0,13.0,24.0,E,H,0.5,E,0.0,0.0,0.0,0.0,0.99,0.0,0.01,0.0,0.0,0.0,0.0,0.0,0.0,0.0,0.0,0.0,0.0,0.0,0.0,0.0,0.0,0.0,0.0,0.0,0.0,0.0,0.0,0.08079313589591118,E116
249,1m4c,0,B,117.0,PHE,F,19.0,12.0,31.0,F,H,0.0,F,0.0,0.0,0.0,0.0,0.0,0.98,0.0,0.0,0.0,0.0,0.02,0.0,0.0,0.0,0.0,0.0,0.0,0.0,0.0,0.0,0.0,0.0,0.0,0.0,0.0,0.0,0.0,0.14144054254182067,F117
250,1m4c,0,B,118.0,LEU,L,17.0,17.0,34.0,L,H,0.0,L,0.0,0.0,0.0,0.0,0.0,0.0,0.0,0.0,0.0,0.0,1.0,0.0,0.0,0.0,0.0,0.0,0.0,0.0,0.0,0.0,0.0,0.0,0.0,0.0,0.0,0.0,0.0,0.0,L118
251,1m4c,0,B,119.0,ASN,N,5.0,18.0,23.0,N,H,0.46496815286624205,N,0.0,0.0,0.0,0.0,0.01,0.0,0.0,0.0,0.0,0.02,0.0,0.0,0.93,0.0,0.0,0.01,0.03,0.0,0.0,0.0,0.0,0.0,0.0,0.0,0.0,0.0,0.0,0.49488962042262075,N119
252,1m4c,0,B,120.0,ARG,R,17.0,13.0,30.0,R,H,0.3346774193548387,R,0.0,0.0,0.0,0.0,0.0,0.0,0.04,0.0,0.0,0.3,0.0,0.02,0.0,0.0,0.0,0.56,0.0,0.08,0.0,0.0,0.0,0.0,0.0,0.0,0.0,0.0,0.0,1.5796702547399109,R120
253,1m4c,0,B,121.0,TRP,W,26.0,13.0,39.0,W,H,0.004405286343612335,W,0.0,0.0,0.0,0.0,0.0,0.0,0.0,0.0,0.0,0.0,0.0,0.0,0.0,0.0,0.0,0.0,0.0,0.0,0.0,0.0,1.0,0.0,0.0,0.0,0.0,0.0,0.0,0.0,W121
254,1m4c,0,B,122.0,ILE,I,14.0,17.0,31.0,I,H,0.05917159763313609,I,0.0,0.0,0.0,0.0,0.0,0.0,0.0,0.0,1.0,0.0,0.0,0.0,0.0,0.0,0.0,0.0,0.0,0.0,0.0,0.0,0.0,0.0,0.0,0.0,0.0,0.0,0.0,0.0,I122
255,1m4c,0,B,123.0,THR,T,7.0,16.0,23.0,T,H,0.5704225352112676,T,0.05,0.0,0.0,0.0,0.0,0.0,0.0,0.0,0.01,0.0,0.0,0.0,0.0,0.0,0.0,0.0,0.0,0.94,0.0,0.0,0.0,0.0,0.0,0.0,0.0,0.0,0.0,0.3664462644533776,T123
256,1m4c,0,B,124.0,PHE,F,21.0,10.0,31.0,F,H,0.02030456852791878,F,0.0,0.0,0.0,0.0,0.0,0.99,0.0,0.0,0.0,0.0,0.0,0.0,0.0,0.0,0.0,0.0,0.0,0.0,0.0,0.0,0.0,0.0,0.0,0.0,0.0,0.0,0.01,0.08079313589591118,F124
257,1m4c,0,B,125.0,CYS,C,21.0,16.0,37.0,C,H,0.0,C,0.02,0.0,0.93,0.0,0.0,0.0,0.0,0.0,0.0,0.0,0.0,0.0,0.0,0.0,0.0,0.0,0.04,0.0,0.0,0.0,0.0,0.0,0.0,0.0,0.0,0.0,0.01,0.4624384954442554,C125
258,1m4c,0,B,126.0,GLN,Q,8.0,17.0,25.0,Q,H,0.4898989898989899,Q,0.0,0.0,0.0,0.0,0.0,0.0,0.0,0.0,0.0,0.0,0.0,0.0,0.0,0.0,0.99,0.0,0.0,0.0,0.0,0.0,0.0,0.0,0.0,0.0,0.0,0.0,0.01,0.08079313589591118,Q126
259,1m4c,0,B,127.0,SER,S,9.0,12.0,21.0,S,H,0.4846153846153846,S,0.0,0.0,0.0,0.0,0.0,0.0,0.01,0.0,0.0,0.0,0.0,0.0,0.0,0.0,0.0,0.0,0.97,0.01,0.0,0.0,0.0,0.0,0.0,0.0,0.0,0.0,0.01,0.24194073285321088,S127
260,1m4c,0,B,128.0,ILE,I,23.0,10.0,33.0,I,H,0.07100591715976332,I,0.02,0.0,0.0,0.0,0.0,0.0,0.0,0.0,0.93,0.0,0.01,0.0,0.0,0.0,0.0,0.0,0.01,0.01,0.0,0.01,0.0,0.0,0.0,0.0,0.0,0.0,0.01,0.5424384954442555,I128
261,1m4c,0,B,129.0,ILE,I,14.0,15.0,29.0,I,H,0.15976331360946747,I,0.0,0.0,0.0,0.0,0.0,0.1,0.0,0.0,0.72,0.0,0.04,0.0,0.0,0.0,0.0,0.0,0.0,0.0,0.0,0.0,0.0,0.0,0.13,0.0,0.0,0.0,0.01,1.3082602158891816,I129
262,1m4c,0,B,130.0,SER,S,8.0,12.0,20.0,S,H,0.7230769230769231,S,0.05,0.0,0.0,0.0,0.0,0.0,0.0,0.0,0.0,0.0,0.0,0.0,0.0,0.0,0.0,0.0,0.93,0.01,0.0,0.0,0.0,0.0,0.0,0.0,0.0,0.0,0.01,0.4463420906998873,S130
263,1m4c,0,B,131.0,THR,T,17.0,12.0,29.0,T,T,0.323943661971831,T,0.0,0.0,0.0,0.0,0.0,0.0,0.0,0.0,0.0,0.05,0.0,0.0,0.0,0.0,0.0,0.0,0.0,0.93,0.0,0.0,0.0,0.0,0.0,0.0,0.0,0.0,0.02,0.4263420906998873,T131
264,1m4c,0,B,132.0,LEU,L,20.0,14.0,34.0,L,-,0.18292682926829268,L,0.0,0.0,0.0,0.0,0.0,0.0,0.0,0.0,0.0,0.0,0.8,0.14,0.0,0.0,0.0,0.01,0.01,0.0,0.0,0.0,0.0,0.0,0.0,0.0,0.0,0.0,0.04,0.9732840247767702,L132
265,1m4c,0,B,,,,,,,,,,T,0.02,0.0,0.0,0.0,0.0,0.0,0.0,0.0,0.0,0.0,0.0,0.0,0.0,0.0,0.0,0.0,0.03,0.82,0.0,0.0,0.0,0.0,0.0,0.0,0.0,0.0,0.13,0.8820575076079195,T133
